# path	size — generated manifest for EDC15ORI
ecu_files_alfa/ALFA 147 1.9 JTD MJET 170hp Ducati Corse 2008 EDC16C39 0281015228 395299.rar	37307
ecu_files_alfa/ALFA 147 2000 16V 150CV 707_443.zip	243104
ecu_files_alfa/ALFA 156 18L 16V 144HP BOSCH M1.5.5 0261204947 1037359649.zip	56663
ecu_files_alfa/ALFA 156 2.4JTD 0281001863.zip	82195
ecu_files_alfa/ALFA 156V6 190HP 0261204705 356207.rar	69313
ecu_files_alfa/ALFA ROMEO 156 2.4 JTD 136HP 0281010022 1037352583.zip	81959
ecu_files_alfa/ALFA ROMEO 33 1.7 16V 0261200142 1267356512.rar	14409
ecu_files_alfa/ALFA_145_1600_8V_103CV_GM_DELCO_MULTEC_BPRF.rar	24689
ecu_files_alfa/ALFA_156_1.9JTDM_140HP_0281011425_7372039.zip	113707
ecu_files_alfa/ALFA_75_B2000_R4V2_107kW_0261200108_1622411042_xxx_1267356191_crcE01C1F89.zip	16318
ecu_files_alfa/ALFA_ROMEO_147_1.6_16V_TS_ME7.3.1_120HP_0261206715_1277356446.zip	233552
ecu_files_alfa/ALFA_ROMEO_147_2.0_16V_TS_ME7.3.1_150HP_0261206708_1277356444.zip	233528
ecu_files_alfa/Alfa 145 1.9JTD 105HP 0281001936 351190.zip	81941
ecu_files_alfa/Alfa 145 1.9JTD 105HP 0281001936 354263(1).zip	81965
ecu_files_alfa/Alfa 145 1.9JTD 105HP 0281001936 354263.zip	81950
ecu_files_alfa/Alfa 145 2.0TS 0261204478 358492.zip	30904
ecu_files_alfa/Alfa 146 1,6 103Hp GM Delco BRBN.rar	24856
ecu_files_alfa/Alfa 147 1.9 jtd 100hp 0281011487_371898.rar	142746
ecu_files_alfa/Alfa 147 1.9JTD 0281010455 367333.zip	96675
ecu_files_alfa/Alfa 147 1.9JTD 115HP 0281010332 351962(1).zip	156230
ecu_files_alfa/Alfa 147 1.9JTD 115HP 0281010332 351962(2).zip	156214
ecu_files_alfa/Alfa 147 1.9JTD 115HP 0281010332 351962(3).zip	156229
ecu_files_alfa/Alfa 147 1.9JTD 115HP 0281010332 351962.zip	156214
ecu_files_alfa/Alfa 147 1.9JTD 115HP 0281010332 354624.zip	153827
ecu_files_alfa/Alfa 147 1.9JTD 115HP 0281010332 366536.zip	156968
ecu_files_alfa/Alfa 147 1.9JTD 115HP 0281010332 366688.zip	157045
ecu_files_alfa/Alfa 147 1.9JTD 115bhp 0281010332 1037366536.zip	156997
ecu_files_alfa/Alfa 147 1.9JTD 140HP 0281011511 370467.zip	113425
ecu_files_alfa/Alfa 147 1.9JTD 140HP 370596.zip	21773
ecu_files_alfa/Alfa 147 1.9JTD 150HP 0281012883 1037379006.zip	36584
ecu_files_alfa/Alfa 147 1.9JTDM 0281011429 370467.zip	22594
ecu_files_alfa/Alfa 147 1.9JTDM 8V 120HP 0281012858 377779.zip	477811
ecu_files_alfa/Alfa 155 1.8TS 144HP 0261200536 357963.zip	21053
ecu_files_alfa/Alfa 155 2.0TS 0261203862 355410.zip	25735
ecu_files_alfa/Alfa 155 2.5TD 125HP 0281001191 358304.zip	18584
ecu_files_alfa/Alfa 156 1.6TS 0261206716 356447.rar	212205
ecu_files_alfa/Alfa 156 1.8TS 0261204947 350390.zip	56141
ecu_files_alfa/Alfa 156 1.9 JTD 105HP - 0281010020 - 359785.rar	74082
ecu_files_alfa/Alfa 156 1.9 JTD 110HP - 0281010335 - 351517.rar	139098
ecu_files_alfa/Alfa 156 1.9 JTD 115HP 0281010335 351965.rar	142189
ecu_files_alfa/Alfa 156 1.9 JTD 116 HP - 0281010740 - 366796.rar	143629
ecu_files_alfa/Alfa 156 1.9 JTD 16v 140HP - 0281011425 - 369438.rar	104507
ecu_files_alfa/Alfa 156 1.9JTD 0281010986 367332.zip	100332
ecu_files_alfa/Alfa 156 1.9JTD 0281011425 370469.zip	113698
ecu_files_alfa/Alfa 156 1.9JTD 105HP 0281001891 356733.zip	75381
ecu_files_alfa/Alfa 156 1.9JTD 105HP 0281010020 354262.zip	81952
ecu_files_alfa/Alfa 156 1.9JTD 105HP 0281010020 359785.zip	81867
ecu_files_alfa/Alfa 156 1.9JTD 110HP 0281010335 351965.zip	156149
ecu_files_alfa/Alfa 156 1.9JTD 110HP 0281010335 362436.zip	153622
ecu_files_alfa/Alfa 156 1.9JTD 115HP 0281010332 351962.zip	156229
ecu_files_alfa/Alfa 156 1.9JTD 115HP 0281010740 366796.zip	156927
ecu_files_alfa/Alfa 156 1.9JTD 115HP 0281011488 369116.zip	158380
ecu_files_alfa/Alfa 156 1.9JTD 115HP 0281011491 372061.zip	158485
ecu_files_alfa/Alfa 156 1.9jtd_0281001928_1037350158_ORI.rar	74049
ecu_files_alfa/Alfa 156 2.0 155HP 0261204270 359650.zip	56492
ecu_files_alfa/Alfa 156 2.0JTS 16V 0261S01007 1039S0058.rar	286558
ecu_files_alfa/Alfa 156 2.4JTD 0281010022 359786.zip	81601
ecu_files_alfa/Alfa 156 2.4JTD 136HP 0281001890 356734.zip	75247
ecu_files_alfa/Alfa 156 2.4JTD 150HP 0281010741 363243.zip	155952
ecu_files_alfa/Alfa 156 2.4JTD 150HP 0281010741 366800.zip	156043
ecu_files_alfa/Alfa 156 2.4JTD_140HP_0281010336_1037362086.zip	154448
ecu_files_alfa/Alfa 156 TS 2.0 0261204948 - 1037352594.rar	49294
ecu_files_alfa/Alfa 156.0261204947_1037350390.rar	48033
ecu_files_alfa/Alfa 159 1.9JTDM 150HP 0281012144 377871.zip	36275
ecu_files_alfa/Alfa 159 1.9mjet 150cv hw 0281015160 sw 1037398252.rar	37604
ecu_files_alfa/Alfa 159 2,4JTD 147kw 37390938.rar	37194
ecu_files_alfa/Alfa 159 2.4 JTDM 0281014459 1037394001.zip	37284
ecu_files_alfa/Alfa 159 2.4 JTDM 16V 0281012145 391303.rar	37172
ecu_files_alfa/Alfa 159 JTD_org- 389889.zip	32898
ecu_files_alfa/Alfa 159 jtdm16v 136cv 02810140 1037380495.rar	38562
ecu_files_alfa/Alfa 166 1.9JTD 110HP 0281010335 351517.zip	153383
ecu_files_alfa/Alfa 166 1.9JTD 110HP 0281010335 362436.zip	153631
ecu_files_alfa/Alfa 166 2.0 V6 Turbo 0261204706-356349.zip	79235
ecu_files_alfa/Alfa 166 2.4JTD 0281010989 374160.zip	114935
ecu_files_alfa/Alfa 166 2.4JTD 136HP 0281001787 352209.zip	82010
ecu_files_alfa/Alfa 166 2.4JTD 136HP 0281001787 359736.zip	81702
ecu_files_alfa/Alfa 166 2.4JTD 136HP 0281010022 352583.zip	81901
ecu_files_alfa/Alfa 166 2.4JTD 140HP 0281010340 363752.zip	156114
ecu_files_alfa/Alfa 166 2.4JTD 20V EDC16 424 369273.rar	104702
ecu_files_alfa/Alfa 75 1.6 0261200124 356311.zip	16514
ecu_files_alfa/Alfa GT 1.9JTD 150HP 0281011511 372048.zip	22612
ecu_files_alfa/Alfa GT 1.9JTD 150HP 0281011511370466.zip	117180
ecu_files_alfa/Alfa GT 1.9JTDM 150HP 0281013533 386727.zip	36710
ecu_files_alfa/Alfa GTV 2.0 TS 0261206061.zip	55784
ecu_files_alfa/Alfa GTV 2.0TS 1.5.5 350386 0261206061.rar	48063
ecu_files_alfa/Alfa MiTO 1.6mjet 105HP 0281015573 1037500036.rar	46810
ecu_files_alfa/Alfa Mito 1.4tb Tjet 0261204409 400833.rar	302909
ecu_files_alfa/Alfa Romeo 156 1.6 TS 120HP 0261204772 357849.zip	31797
ecu_files_alfa/Alfa Romeo 156 1.9JTD 110HP 0281010740 363242.zip	156196
ecu_files_alfa/Alfa Romeo 156 2.4JTD 136HP 0281001588 358064.zip	75244
ecu_files_alfa/Alfa Romeo 159 2.2JTS 0261S01045 378597.zip	356526
ecu_files_alfa/Alfa Romeo 2.0TS ME7.3.1 0261206710 1277356450.rar	206903
ecu_files_alfa/Alfa Romeo 75 1.8 turbo 400.032.zip	2349
ecu_files_alfa/Alfa Romeo GTV-Spider 1.8L TS 16v 144hp AR32201 0261206060 1037350387.zip	55891
ecu_files_alfa/Alfa romeo 155 2.5 V6 166HP 0261200537 356464.zip	35991
ecu_files_alfa/Alfa romeo 155 V6 166HP 0261200537 356596.zip	18844
ecu_files_alfa/Alfa romeo GT 1.9JTD 150HP 0281011511 372048.zip	113442
ecu_files_alfa/Alfa_146_1.9JTD_105HP_0281001936_1037356777.zip	81743
ecu_files_alfa/Alfa_147_1.9JTDM_0281012882_379005.zip	35051
ecu_files_alfa/Alfa_147_1.9JTDM_140HP_0281010455_367333.zip	21607
ecu_files_alfa/Alfa_147_1.9JTDM_140HP_0281011429_368421.zip	113452
ecu_files_alfa/Alfa_147_1.9JTDM_140HP_0281011429_372044.zip	113468
ecu_files_alfa/Alfa_147_1.9JTD_115HP_0281010332_366536.zip	157254
ecu_files_alfa/Alfa_147_1.9JTD_115HP_0281011488_372060.zip	158534
ecu_files_alfa/Alfa_147_1.9JTD_140HP_0281011429_372044.zip	22641
ecu_files_alfa/Alfa_147_1.9JTD_150HP_0281011896_372047.zip	22614
ecu_files_alfa/Alfa_147_1.9JTD_8v_115HP_0281011488_369116.zip	158517
ecu_files_alfa/Alfa_147_GTA_3.2i_250HP_0261207967_367088.zip	233907
ecu_files_alfa/Alfa_147_ducati_1.9JTDM_170HP_0281015228_395299.zip	37286
ecu_files_alfa/Alfa_155_2.5TD_125HP_0281001191_358305.zip	33407
ecu_files_alfa/Alfa_156_1.8i_144HP_0261204732_352977.zip	50688
ecu_files_alfa/Alfa_156_1.9JTDM_140HP_0281011425_370469.zip	113748
ecu_files_alfa/Alfa_156_1.9JTD_105HP_0281001587_1037357648.zip	75401
ecu_files_alfa/Alfa_156_1.9JTD_105HP_0281010020_1037359785.zip	81791
ecu_files_alfa/Alfa_156_1.9JTD_110HP_0281010335_351965.zip	156149
ecu_files_alfa/Alfa_156_1.9JTD_115HP_0281011491_372061.zip	158483
ecu_files_alfa/Alfa_156_2.4JTDM_175HP_0281010988_369430.zip	113667
ecu_files_alfa/Alfa_156_2.4JTD_0281010988_372042.zip	22999
ecu_files_alfa/Alfa_156_2.4JTD_136HP_0281001661_1037358008.zip	74585
ecu_files_alfa/Alfa_156_2.4JTD_150HP_0281010336_354394.zip	154334
ecu_files_alfa/Alfa_156_2.5i_0261206168_359733.zip	78169
ecu_files_alfa/Alfa_159_1.9JTDM_150_0281013138_380494.zip	479305
ecu_files_alfa/Alfa_159_1.9JTD_120HP_0281012888_378873.zip	477573
ecu_files_alfa/Alfa_159_1_9l_JTDM_16V_Bosch_EDC_16C39_138_389889.rar	35209
ecu_files_alfa/Alfa_159_2.4JTDM_200HP_0281012146_392277.zip	37413
ecu_files_alfa/Alfa_159_2.4JTDM_200HP_0281013417_383773.zip	36282
ecu_files_alfa/Alfa_159_2.4JTDM_210HP_0281014459_390927.zip	37883
ecu_files_alfa/Alfa_159_2_4_JTDM_200PS_145_391303.rar	35261
ecu_files_alfa/Alfa_159_brera_2.4JTD_200HP_0281012145_377554.zip	478973
ecu_files_alfa/Alfa_166_2.4JTD_136HP_0281001787_351423.zip	81975
ecu_files_alfa/Alfa_166_2.4JTD_150HP_0281010340_363752.zip	156174
ecu_files_alfa/Alfa_166_2.4JTD_150HP_0281011503_371897.zip	158123
ecu_files_alfa/Alfa_166_3.0i_sportronic_0261204032_359706.zip	78810
ecu_files_alfa/Alfa_166_D2400_R4V2T_100kW_0281001787_46763995_xxx_1037352209_crc6B44A565.zip	82042
ecu_files_alfa/Alfa_166_D2400_R4V2T_110kW_0281010340_46759586_xxx_1037354395_crcDE404202.zip	154364
ecu_files_alfa/Alfa_166_D2400_R4V2T_110kW_0281010340_46821768_0074_1037362085_crcE52C811A.zip	154495
ecu_files_alfa/Alfa_166_D2400_R4V2T_110kW_0281010340_73501858_0092_1037363752_crcE73C2D85.zip	156139
ecu_files_alfa/Alfa_75_B2000_R4V2_107KW_0261200108_1622411042_xxx_1267356106_crc6880df39.zip	16318
ecu_files_alfa/Alfa_GT_1.9JTD_150HP_0281012298_377778.zip	36577
ecu_files_alfa/Alfa_GT_1_9l_JTDM_16V_Bosch_EDC_16C39_170PS_571_396581.rar	37241
ecu_files_alfa/Alfa_GT_bosch_0261208571_1037368772.zip	224017
ecu_files_alfa/Alfa_Mito_78cv_1037398162.zip	335063
ecu_files_alfa/Alfa_Romeo_145_1.3L_8f.68_(3C6A).rar	32355
ecu_files_alfa/Alfa_Romeo_147_2.0i_0261206708_356444.zip	242993
ecu_files_alfa/alfa 156.356330.204705.rar	70085
ecu_files_alfa/alfa 166 24jtd 175hp 0281010989 369273 333.rar	104727
ecu_files_alfa/alfa156_2.0jtd_007.zip	328943
ecu_files_audi/AUDI A3 1.4 92KW MED17.5 03C906016S 03C906016S 4985HMED1755.rar	110333
ecu_files_audi/AUDI A3 1.8T 150hp AUM 06A906032FC 0261207204 354889.rar	270527
ecu_files_audi/AUDI A5 2.7TDI 190HP 8k1907401D_1037393599.rar	88244
ecu_files_audi/AUDI A6 2.5 TDI AEL 4A0907401P 0281001321 355328.rar	40768
ecu_files_audi/AUDI RS4 2001 BITURBO 2.7, 0 261 207 001, 8D0 907 551 K.zip	301535
ecu_files_audi/AUDI RS6 5.0TFSI 580hp 0261S02371 398562 ecu1&ecu2.zip	770541
ecu_files_audi/AUDI S4 2.7 V6 0261206376 8D0907551E 350221.zip	242976
ecu_files_audi/AUDI TT RS 340 CV 0261S02601_1037503608.zip	729717
ecu_files_audi/AUDI_A2_D1200_R3V2T_44kw_0281011239_045906019BL_1037366716_crcC0956A22.zip	200736
ecu_files_audi/AUDI_A3_DSG_02E300042F_0920_069092002ea__getriebe_DSG_RS5F.rar	202582
ecu_files_audi/AUDI_A4_2.5TDI_150HP_0281001945_8D0907401F_766-767.zip	125007
ecu_files_audi/AUDI_A6_2.7TDI_180HP_4F0907401B__1037383789.rar	77826
ecu_files_audi/AUDI_A8_(D2)_4200_V8_299CV_4D0907557B-0261203300_358194.rar	46615
ecu_files_audi/AUDI_Q5_03L906022P_396010__2.0_TDI_170CV_EDC17.rar	84263
ecu_files_audi/Audi 0281011847_03G906016EH_1037371953.rar	256348
ecu_files_audi/Audi 1.9 TDI 0281010215 038 906 019AR 354 613.rar	140804
ecu_files_audi/Audi 1.9 TDI 110 0281010062 038 906 012 AT 350_161.rar	124415
ecu_files_audi/Audi 100 2.8L 4a0906266.rar	23689
ecu_files_audi/Audi 100 4.2 V8 280HP 4A0907557A 0261203143 357764.zip	25262
ecu_files_audi/Audi 80 1.9TDI 0281001317.rar	40905
ecu_files_audi/Audi 80 1.9TDI 1Z 90HP 028906021E 028100122 358726.zip	41119
ecu_files_audi/Audi 80 1.9TDI 1Z 90HP 028906021E 0281001222 358726.rar	39573
ecu_files_audi/Audi 80 1.9TDI 1Z 90HP 028906021GC 0281001668 357787.zip	110090
ecu_files_audi/Audi 80 1.9TDI 4A907401A 0281001133 357912.zip	32896
ecu_files_audi/Audi 80 1.9TDI 90HP 021906028AP 0281001317 355582.zip	42294
ecu_files_audi/Audi 80 1.9TDI 90HP 021906028AQ 0281001319 357877.zip	42187
ecu_files_audi/Audi 80 1.9TDI 90HP 028906021D 0281001198.zip	21431
ecu_files_audi/Audi 80 TDI1.9 90HP 028906021DQ 0281001441 2537355891.zip	42483
ecu_files_audi/Audi A 2.0TDI 140HP 03G906016JE 0281012726 378342.zip	43476
ecu_files_audi/Audi A2 1.4TDI 75HP 045906019BP 0281012194 376317.zip	203611
ecu_files_audi/Audi A2 1.4TDI 75HP 045906019G 0281010220 360497.zip	187576
ecu_files_audi/Audi A2 1.4TDI AMF 75HP 045906019AT 0281011100 366249.zip	198060
ecu_files_audi/Audi A2 1.4TDI AMF 75HP 045906019BA 0281011404 367361.zip	201067
ecu_files_audi/Audi A2 1.4TDI AMF 75HP 045906019F 0281011607 368969.zip	201944
ecu_files_audi/Audi A2 1.4TDI AMF 75HP 045906019G 0281010220 363201.zip	198072
ecu_files_audi/Audi A3 0281014061-03G906021PM.rar	18345
ecu_files_audi/Audi A3 03G906021JH 03G906021AB 392913.rar	63887
ecu_files_audi/Audi A3 1.6FSI 115HP 03C906056CP 0261S02187 381976.zip	744301
ecu_files_audi/Audi A3 1.8 0261203938-939 8D0907557C 355555 D08.rar	48902
ecu_files_audi/Audi A3 1.8 0261203938-939 8D0907557C 355691 D0.rar	48906
ecu_files_audi/Audi A3 1.8 0261203938-939 8D0907557C 355820 D05.rar	48864
ecu_files_audi/Audi A3 1.8 0261203938-939 8D0907557C 355965 D06.rar	48900
ecu_files_audi/Audi A3 1.8T 0261206516 06A906018CJ chk 1221.rar	78506
ecu_files_audi/Audi A3 1.8T 06A906032BB 0261206268 350033.zip	224594
ecu_files_audi/Audi A3 1.8T 06A906032HN 0261207440 363908.zip	319099
ecu_files_audi/Audi A3 1.8T 150 hp 0261204678 357963.rar	78598
ecu_files_audi/Audi A3 1.8T 150HP 06A906018AQ 0261204678 358108.zip	83883
ecu_files_audi/Audi A3 1.8T 150HP 06A906032AC 0261206580.zip	251569
ecu_files_audi/Audi A3 1.8T 150HP 06A906032S 0261206197 359598.zip	250761
ecu_files_audi/Audi A3 1.8T AGU 150HP 06A906018AQ 0261204678 350010.zip	83949
ecu_files_audi/Audi A3 1.8T AGU 150HP 06A906018AQ 0261204678 359525.zip	83930
ecu_files_audi/Audi A3 1.8T AGU 150HP 06A906018AR 0261204679 359522.zip	88234
ecu_files_audi/Audi A3 1.8T AGU 150HP 06A906018CG 0261206518 352127.zip	85263
ecu_files_audi/Audi A3 1.8T AGU 150HP 06A906018D 0261204254 357459.zip	81748
ecu_files_audi/Audi A3 1.8T AUQ 180HP 06A906032BJ 0261206892 360288.zip	304263
ecu_files_audi/Audi A3 1.9TDI 038906016H.zip	304088
ecu_files_audi/Audi A3 1.9TDI 105HP 03G906021AB 389826.zip	74108
ecu_files_audi/Audi A3 1.9TDI 130HP 038906019CK 0281010308 360763.rar	151266
ecu_files_audi/Audi A3 1.9TDI 90HP 0281001847 038906018BN 496 497 .rar	98471
ecu_files_audi/Audi A3 1.9TDI 90HP ALH - 038 906 018 AR - 0 281 001 728.rar	91986
ecu_files_audi/Audi A3 1.9TDI AGR 90HP 038906018BB 0281001757 358253.zip	104183
ecu_files_audi/Audi A3 1.9TDI AHF 110HP 038906012A 0281010120 1037350848(1).zip	154288
ecu_files_audi/Audi A3 1.9TDI AHF 110HP 038906012A 0281010120 1037350848.zip	154288
ecu_files_audi/Audi A3 1.9TDI AHF 110HP 038906018BP 0281001848.zip	113235
ecu_files_audi/Audi A3 1.9TDI AHU 90HP 038906018A 0281001410 355828(1).zip	87646
ecu_files_audi/Audi A3 1.9TDI AHU 90HP 038906018A 0281001410 355828.zip	13105
ecu_files_audi/Audi A3 1.9TDI ASZ 130HP 038906019CK 0281010308 360763.zip	186192
ecu_files_audi/Audi A3 1.9TDI ASZ 130HP 038906019CK 0281010308 362845.zip	196345
ecu_files_audi/Audi A3 1.9TDI ASZ 130HP 038906019FT 0281010981 363228.zip	218219
ecu_files_audi/Audi A3 1.9TDI ASZ 130HP 038906019FT 0281010981 366273.zip	218375
ecu_files_audi/Audi A3 1.9TDI BKC 105HP 03G906016CC 0281011832 371093.zip	292089
ecu_files_audi/Audi A3 1900 TDI 90CV - 0281001409-410-038 906 018 A.rar	73402
ecu_files_audi/Audi A3 2.0 BKD 140HP 0281011364 03G906016G 369819.rar	490907
ecu_files_audi/Audi A3 2.0T 8P0907115K 0261S02220 386817.zip	839228
ecu_files_audi/Audi A3 2.0TDI 140HP 03G906016G 0281011364 367950.zip	247799
ecu_files_audi/Audi A3 2.0TDI 140HP 03G906021AN.zip	538601
ecu_files_audi/Audi A3 2.0TDI BKC 105HP 0281012085 374452.rar	453081
ecu_files_audi/Audi A3 2.0TDI BKD 03G906016FF 0281011905 371366.zip	292039
ecu_files_audi/Audi A3 2.0TDI BKD 140HP 0281011905 371366.zip	292008
ecu_files_audi/Audi A3 2.0TDI BKD 140HP 03G906016FF 0281011905 370634.zip	526949
ecu_files_audi/Audi A3 2.0TDI BKD 140HP 03G906016FF 0281011905 375970.zip	294739
ecu_files_audi/Audi A3 2.0TDI BKD 140HP 03G906016G 0281011364 368508.zip	250788
ecu_files_audi/Audi A3 2.0TDI BKD 140HP 03G906016G 0281011364 369819.zip	286289
ecu_files_audi/Audi A3 3.2 250hp 0261201522_382328_MT6.rar	123950
ecu_files_audi/Audi A3 90.zip	88254
ecu_files_audi/Audi A3 ATD 038906019GC 0281010892 1037362795.zip	191043
ecu_files_audi/Audi A3 BLS 03G906021HP 382669.zip	59113
ecu_files_audi/Audi A3 TDI 140HP 03G906021GN.rar	49387
ecu_files_audi/Audi A3_1.8TQ_206434_0261206434.rar	199147
ecu_files_audi/Audi A3_TDI_0281010469_1037363698_ori.rar	160261
ecu_files_audi/Audi A4 (B8_8K) 30 TDI_CR 176kW EDC17CP14.rar	82274
ecu_files_audi/Audi A4 0281001425-6 304_305.RAR	76218
ecu_files_audi/Audi A4 1.8 20v 8D0906018F-0261204875-350087.zip	230080
ecu_files_audi/Audi A4 1.8T 150HP 8D0907557 0261203550 355966.zip	51578
ecu_files_audi/Audi A4 1.8T 150HP 8D0907557P 0261204258 350269.zip	102065
ecu_files_audi/Audi A4 1.8T 150HP 8D0907557T 0261204185 358761.zip	82064
ecu_files_audi/Audi A4 1.8T 150HP 8D0907559 0261204963 359127.zip	100555
ecu_files_audi/Audi A4 1.8T 150HP 8D0907559C 0261206315 350004.zip	102074
ecu_files_audi/Audi A4 1.8T 150HP 8E0909518M 0261207778 363466.zip	341544
ecu_files_audi/Audi A4 1.8T 163HP 8E0909518AA 0261207934 366381.zip	356470
ecu_files_audi/Audi A4 1.8T 163hp 0261208254 1037372505.rar	323804
ecu_files_audi/Audi A4 1.8T 170PS 0261 206 875_354 721.rar	271188
ecu_files_audi/Audi A4 1.8T 170bhp 8E0909518AF 0261207939 7366883.zip	363354
ecu_files_audi/Audi A4 1.8T 180HP 8E0906018B 0261206868 360990.zip	324240
ecu_files_audi/Audi A4 1.8T 20V 190HP Bosch_ME7_0261208524_1037372505.rar	323806
ecu_files_audi/Audi A4 1.8T 8D0907558DA 0261206429 350714.zip	82489
ecu_files_audi/Audi A4 1.8T 8E0909018 0261207435 362521.zip	338195
ecu_files_audi/Audi A4 1.8T 8E0909518AK 0261208230 368072.zip	362511
ecu_files_audi/Audi A4 1.8T 8E0909518BA 0261208512 369017.rar	324530
ecu_files_audi/Audi A4 1.8T AJL 8D0907558D 0261204778 358150.zip	82226
ecu_files_audi/Audi A4 1.8T APU 150HP 4B0906018AR 0261206524 352053.zip	253801
ecu_files_audi/Audi A4 1.8T AWT 4B0906018CG 0261207215 360306.zip	315420
ecu_files_audi/Audi A4 1.8T BEX 192HP 8E0909518AH 0261207941 366871.zip	362063
ecu_files_audi/Audi A4 1.8T BFB 163HP 8E0909518AA 0261207934 366494.zip	355636
ecu_files_audi/Audi A4 1.8T BFB 163HP 8E0909518AL 0281208228 369311.zip	366179
ecu_files_audi/Audi A4 1.8T ME7 0261206449 352728.rar	224743
ecu_files_audi/Audi A4 1.9 TDI 110PS 038906012BM 0281010201 sw 352256.zip	152945
ecu_files_audi/Audi A4 1.9 TDI 81KW_0281010200_352636.rar	126836
ecu_files_audi/Audi A4 1.9TDI 110HP 038906012AH 0281010200 352255.zip	152576
ecu_files_audi/Audi A4 1.9TDI 110HP 038906012BL 0281010199 352254.zip	152574
ecu_files_audi/Audi A4 1.9TDI 130HP 038906019F 0281012187 372301.zip	174774
ecu_files_audi/Audi A4 1.9TDI 130HP 038906019FP 0281010729 362614.zip	174733
ecu_files_audi/Audi A4 1.9TDI 1Z 90HP 028906021F 0281001367 355586(1).zip	98559
ecu_files_audi/Audi A4 1.9TDI 1Z 90HP 028906021F 0281001367 355586.zip	42276
ecu_files_audi/Audi A4 1.9TDI AFN 110CV 028906021CE 0281001426 028906021.rar	148113
ecu_files_audi/Audi A4 1.9TDI AFN 110HP 028906021CE 0281001426 355217.zip	88764
ecu_files_audi/Audi A4 1.9TDI AFN 110HP 028906021CE 0281001426 355304.zip	88913
ecu_files_audi/Audi A4 1.9TDI AFN 110HP 028906021GN 0281001660 357272.zip	101079
ecu_files_audi/Audi A4 1.9TDI AFN 110HP 028906021GN 0281001660 357833.zip	101082
ecu_files_audi/Audi A4 1.9TDI AFN 110HP 038906018FD 0281001966 359835.zip	116226
ecu_files_audi/Audi A4 1.9TDI AFN 110HP 038906018S 0281001721 356817.zip	101930
ecu_files_audi/Audi A4 1.9TDI AFN 110HP 038906018S 0281001721 358381.zip	101921
ecu_files_audi/Audi A4 1.9TDI AFN 90HP 038906018G 0281001609 549-550.zip	104460
ecu_files_audi/Audi A4 1.9TDI AHH 90HP 038906012AJ 0281010202 352257.zip	152762
ecu_files_audi/Audi A4 1.9TDI AHH 90HP 038906012AJ 0281010202 352625.zip	154331
ecu_files_audi/Audi A4 1.9TDI AHU 90HP 028906021BD 0281001439 438-439.zip	87736
ecu_files_audi/Audi A4 1.9TDI AHU 90HP 028906021GM 0281001658 355274.zip	99892
ecu_files_audi/Audi A4 1.9TDI AHU 90HP 028906021GM 0281001658 357835.zip	99890
ecu_files_audi/Audi A4 1.9TDI AHU 90HP 038906018R 0281001726 727820.zip	100514
ecu_files_audi/Audi A4 1.9TDI AJM 115HP 038906019AN 0281010094 354607.zip	170520
ecu_files_audi/Audi A4 1.9TDI AJM 115HP 038906019BR 0281010226 354265.zip	170283
ecu_files_audi/Audi A4 1.9TDI AVF 130HP 038906019JL 0281011036 363230.zip	197312
ecu_files_audi/Audi A4 1.9TDI AVF 130HP 038906019JT 0281011138 366048.zip	197329
ecu_files_audi/Audi A4 1.9TDI AVF 130HP 038906019KA 0281011140 367021.zip	175380
ecu_files_audi/Audi A4 1.9TDI AVF 130HP 038906019LJ 0281011222 366508.zip	220672
ecu_files_audi/Audi A4 1.9TDI AVF 130HP 038906019LJ 0281011222 370445.zip	222092
ecu_files_audi/Audi A4 1.9TDI AWX 130HP 038906019CG 0281010406 362036.zip	168389
ecu_files_audi/Audi A4 1.9TDI AWX 130HP 038906019FP 0281010729 362705.zip	174750
ecu_files_audi/Audi A4 1.9TDI AWX 130HP 038906019GD 0281010844 362628.zip	197318
ecu_files_audi/Audi A4 1.9TDI BKE 115HP 03G906016FE 0281012127 372733.zip	43367
ecu_files_audi/Audi A4 1.9tdi AVB 0281010669 1037362174.rar	158458
ecu_files_audi/Audi A4 19TDI AFN 110 038906018S 0281001721 357593.zip	101846
ecu_files_audi/Audi A4 2,0tdi 103kw 016KN-37391503.rar	287505
ecu_files_audi/Audi A4 2.0 TFSI 2910151484_0261S02463_386826.zip	871958
ecu_files_audi/Audi A4 2.0 TFSI 8E0910115M_0261S02223_v387401_MED9.1_2006MT_OEM.bin.zip	849563
ecu_files_audi/Audi A4 2.0 tdi 143CV EV_20TDI03L906022JM_1037396470 edc17.rar	84944
ecu_files_audi/Audi A4 2.0 tdi 143CV EV_ECM20TDI03L906022JM_1037396470.rar	84944
ecu_files_audi/Audi A4 2.0TDI 140HP 03G906016JD 0281012654 378340.zip	370422
ecu_files_audi/Audi A4 2.0TDI BPW 140 03G906016KN 391503.zip	323406
ecu_files_audi/Audi A4 2.0TDI BPW 140HP 03G906016KN 382430.zip	323395
ecu_files_audi/Audi A4 2.0TDI BRD 170HP 03G906018AQ 5WP4554.zip	687140
ecu_files_audi/Audi A4 2.0TDI DPF 1037386349 03G906016LQ.rar	59060
ecu_files_audi/Audi A4 2.0TFSI 8E0910115N_0261S02211_1037376490_0020.zip	843645
ecu_files_audi/Audi A4 2.0tdi_170ps_03G906018AQ_ppd1.3_orig.zip	57798
ecu_files_audi/Audi A4 2.5TDI 150HP 8D0907401H 0281001834 356764.zip	118380
ecu_files_audi/Audi A4 2.5TDI 150HP 8D0907401P 0281010158.zip	125762
ecu_files_audi/Audi A4 2.5TDI 150HP 8D0907401Q 0281010159 351133.zip	96930
ecu_files_audi/Audi A4 2.5TDI 155HP 4B1907401D 0281010494 351926.zip	198636
ecu_files_audi/Audi A4 2.5TDI 155HP 8E0907401 0281010492 531925.zip	199105
ecu_files_audi/Audi A4 2.5TDI 180HP 8E0907401C 0281010493 362493.zip	173178
ecu_files_audi/Audi A4 2.5TDI 180HP 8E0907401D 0281010823 366614.zip	198749
ecu_files_audi/Audi A4 2.5TDI 180HP 8E0907401D 0281010823 367154(1).zip	198831
ecu_files_audi/Audi A4 2.5TDI 180HP 8E0907401D 0281010823 367154.zip	198831
ecu_files_audi/Audi A4 2.5TDI 8E0907401T 0281011444 367801.zip	462083
ecu_files_audi/Audi A4 2.5TDI AFB 150HP 8D0907401L 0281010155 145-146.zip	124093
ecu_files_audi/Audi A4 2.5TDI AKE 180HP 8E0907401B 0281010446 360545.zip	164654
ecu_files_audi/Audi A4 2.5TDI AKN 150HP 8D0907401Q 0281010159 351133.zip	96938
ecu_files_audi/Audi A4 2.5TDI BDG 163HP 8E0907401M 0281011255 369444.zip	379365
ecu_files_audi/Audi A4 2.5TDI V6 150HP 8D0907401D 0281001812 359339.zip	96801
ecu_files_audi/Audi A4 2.5tdi 163hp 0281011444 369513 E0907401T.rar	173808
ecu_files_audi/Audi A4 2.8 V6 4D0907551F 0261204687 357491.zip	82856
ecu_files_audi/Audi A4 2003 1.8t 8E0909518AA 0261207934.rar	316320
ecu_files_audi/Audi A4 2003 1.8t AMB 8E0909518G 0261206879.rar	297224
ecu_files_audi/Audi A4 25 tdi 0281010157_ 401N.rar	98216
ecu_files_audi/Audi A4 3,0TDI 204CV 8E0910401K 1037374488.rar	248809
ecu_files_audi/Audi A4 3.0TDI 233HP 8K0907401 0281014014 392914.zip	87329
ecu_files_audi/Audi A4 4B0906018CH_0261207216_v360101_ME7.5_1M_Audi_A4_MT_OEM.bin.zip	309101
ecu_files_audi/Audi A4 B7 1.9 105HP 03G906016GD 9577.zip	329923
ecu_files_audi/Audi A4 B7 2.0tfsi Med9.1 0261s02096 390728.rar	703707
ecu_files_audi/Audi A4 BKE 116PS 03G906016FE_0281012127_9820.rar	45553
ecu_files_audi/Audi A4 BLB_SW1037383292_HW1037383292.rar	45119
ecu_files_audi/Audi A4 TDI AFN 110 cv 0281001425 028906021CE.rar	76127
ecu_files_audi/Audi A4 quattro 2.5TDI 180HP 8E0907401C 0281010493 362493.zip	172527
ecu_files_audi/Audi A4 sline 3.0 tdi v6 edc16cp34 374-488.rar	65256
ecu_files_audi/Audi A4 tdi 100_038906019GG_0281010813_1037351908.rar	159586
ecu_files_audi/Audi A4Q 2.0TDI DPF 03G906016KM 391501.rar	59211
ecu_files_audi/Audi A4_1.8T_,206429.rar	77650
ecu_files_audi/Audi A4_1.8T_ME7.5_AVJ_0261207413.rar	90442
ecu_files_audi/Audi A4_D1900_R4V2T_66kW_0281010065_038906018FF_2150_xx167_168_crc9DA33691.zip	98218
ecu_files_audi/Audi A6 1.8L 0261203762-2227355616 8d0907557F.rar	69610
ecu_files_audi/Audi A6 1.8T 150HP 4B0906018DC 0261207636 362358.zip	315377
ecu_files_audi/Audi A6 1.8T ANB 150HP 4B0906018L 0261206320 350703.zip	239506
ecu_files_audi/Audi A6 1.9TDI 130HP 038906019CF 0281010405 362175.zip	174829
ecu_files_audi/Audi A6 1.9TDI 1Z 90HP 028906021J 0281001258 589-590.RAR	40543
ecu_files_audi/Audi A6 1.9TDI 90HP 038906018DG 0281001808 356001.zip	101855
ecu_files_audi/Audi A6 1.9TDI AFN 110HP 038906012AB 281010203 352258.zip	154100
ecu_files_audi/Audi A6 1.9TDI AJM 115HP 038906019BS 0281010224 360072.zip	167282
ecu_files_audi/Audi A6 1.9TDI AVF 130HP 038906019HM 0281011046 367002.zip	175159
ecu_files_audi/Audi A6 1.9TDI AVF 130HP 038906019LM 0281011213 367408.zip	198218
ecu_files_audi/Audi A6 2,5TDI 150HP 4B0907401R 0281010152 1037351974.rar	88656
ecu_files_audi/Audi A6 2.0TDI 140HP 03G906016MG 393553.zip	61278
ecu_files_audi/Audi A6 2.0TFSI 170HP 0261S02291 386852.zip	880038
ecu_files_audi/Audi A6 2.2T AAN 230HP 4A0907551D 0261203603 358374.zip	25610
ecu_files_audi/Audi A6 2.4 V6 177HP 3B0907552J 0261206122 350079.zip	236646
ecu_files_audi/Audi A6 2.5 4B0927156ES 0260002830 268.zip	143830
ecu_files_audi/Audi A6 2.5 TDI 0281010393 1037354331.rar	139097
ecu_files_audi/Audi A6 2.5TDI 140HP 0281001321 355498.zip	58901
ecu_files_audi/Audi A6 2.5TDI 140HP 4A0907401F 0281001255 358724.zip	58885
ecu_files_audi/Audi A6 2.5TDI 143HP.rar	42574
ecu_files_audi/Audi A6 2.5TDI 150HP 4B0907401AE 0281010496 351381.zip	115180
ecu_files_audi/Audi A6 2.5TDI 150HP 4B0907401C 0281001836 359393.zip	96824
ecu_files_audi/Audi A6 2.5TDI 150HP 4B0907401F 0281001781 358058.zip	110918
ecu_files_audi/Audi A6 2.5TDI 150HP 4B0907401H 0281001781 357690.zip	118155
ecu_files_audi/Audi A6 2.5TDI 150HP 4B0907401J 0281001772 357667.zip	93714
ecu_files_audi/Audi A6 2.5TDI 150HP 4B0907401L 0281001932 356792.zip	97540
ecu_files_audi/Audi A6 2.5TDI 150HP 4B0907401T 0281010153 352632.zip	115525
ecu_files_audi/Audi A6 2.5TDI 163HP 8E0907401M 0281011255 367774.zip	322828
ecu_files_audi/Audi A6 2.5TDI 163HP 8E0907401P 0281011136 366619.zip	251402
ecu_files_audi/Audi A6 2.5TDI 163HP 8E0907401Q 0281011135 366644.zip	251394
ecu_files_audi/Audi A6 2.5TDI 180HP 4B2907401 0281010096 037354665.zip	173930
ecu_files_audi/Audi A6 2.5TDI 180HP 4B2907401 0281010096 350319.zip	173588
ecu_files_audi/Audi A6 2.5TDI 180HP 4B2907401 0281010096 354337.zip	173753
ecu_files_audi/Audi A6 2.5TDI 180HP 4B2907401B 0281010098 354335.zip	194980
ecu_files_audi/Audi A6 2.5TDI 180HP 4B2907401J 0281010822 362761(1).zip	198503
ecu_files_audi/Audi A6 2.5TDI 180HP 4B2907401J 0281010822 362761.zip	396918
ecu_files_audi/Audi A6 2.5TDI 180HP 4B2907401J 0281010822 367153.zip	224399
ecu_files_audi/Audi A6 2.5TDI 180HP 4Z7907401A 0281010445 362124.zip	393489
ecu_files_audi/Audi A6 2.5TDI 180HP 8E0907401J 0281011387 367568.zip	446870
ecu_files_audi/Audi A6 2.5TDI 180HP 8E0907401J 0281011387 367927.zip	447981
ecu_files_audi/Audi A6 2.5TDI 180HP 8E0907401N 0281011386 369512.zip	379049
ecu_files_audi/Audi A6 2.5TDI 4B1907401D 0281010494 362486.rar	158582
ecu_files_audi/Audi A6 2.5TDI AAT 115hp 4A0907401E 0281001254 355048 355049.zip	44175
ecu_files_audi/Audi A6 2.5TDI AEL 140HP 4A0907401AD 0281001478 355738.zip	44264
ecu_files_audi/Audi A6 2.5TDI AEL 140HP 4A0907401P 0281001321 355055.zip	44097
ecu_files_audi/Audi A6 2.5TDI AFB 150HP 4B0907401E 0281001435 357707.zip	111121
ecu_files_audi/Audi A6 2.5TDI AFB 150HP 4B0907401S 0281010148 351032.zip	111480
ecu_files_audi/Audi A6 2.5TDI AYM 155HP 4B1907401D 0281010494 363776.zip	198657
ecu_files_audi/Audi A6 2.5TDI-180HP-AKE-0281010822-4B2907401J-1037363777.zip	224276
ecu_files_audi/Audi A6 2.5TDI-4B2907401E-0281010394-1037354332.zip	195044
ecu_files_audi/Audi A6 2.5TDI-4B2907401E-0281010394-1037360719 .zip	195038
ecu_files_audi/Audi A6 2.5TDI_AFB_0281001781_2287358095_096.ORI.rar	94661
ecu_files_audi/Audi A6 2.5tdi 8D0 907 401 Q 0281010159_401Q_D66.zip	99778
ecu_files_audi/Audi A6 2.6 ABC 150HP 4A0907473D.zip	21640
ecu_files_audi/Audi A6 2.7 TDI 180hp 0281012560 4F0907401B 7377319.orig.zip	103738
ecu_files_audi/Audi A6 2.7 V6 265HP 0261206637_1037362561.rar	259080
ecu_files_audi/Audi A6 2.7T 265HP 4B0907551F 0261206378 350239.zip	261676
ecu_files_audi/Audi A6 2.7TDI 163HP 4F0907401B 4F2910401S 377107.zip	369263
ecu_files_audi/Audi A6 2.8L Quattro 0261204690- 196 .rar	78888
ecu_files_audi/Audi A6 3,0TDI 233HP 4F9910401B 0020 3.0LV6T 4F0907401C.zip	99221
ecu_files_audi/Audi A6 3,0TDI 233HP 4F9910401B 0030 3.0LV6T 4F0907401C 1037395437.rar	87708
ecu_files_audi/Audi A6 3,0TDI 4F0910402D 1037381389 0020.rar	88602
ecu_files_audi/Audi A6 3.0 TDI 4F0910401B SW 374416 Serie.rar	347092
ecu_files_audi/Audi A6 3.0 TDI 4F0910401L 4F0907401A 372486.rar	56727
ecu_files_audi/Audi A6 3.0TDI 224HP 4F0907401B 1037374416.zip	397579
ecu_files_audi/Audi A6 3.0TDI 225hp 0281012153 1037372123.rar	314276
ecu_files_audi/Audi A6 3.0TDI 4F0907401A 372123.zip	59289
ecu_files_audi/Audi A6 3.0TDI 4F0910401F 371077.zip	307338
ecu_files_audi/Audi A6 3.0TDI E0907401AL_1037382683.rar	91944
ecu_files_audi/Audi A6 30_269_0030_ori.rar	334941
ecu_files_audi/Audi A6 4.2 V8 4D0907558S 0261206204 352486.zip	246492
ecu_files_audi/Audi A6 C4 2.5TDI 140HP 0281001321 355329.zip	56329
ecu_files_audi/Audi A6 allroad 2.5TDI 180HP 4Z7907401B 0281010897 366613(1).zip	197282
ecu_files_audi/Audi A6 allroad 2.5TDI 180HP 4Z7907401B 0281010897 366613.zip	197257
ecu_files_audi/Audi A6 allroad 2.5TDI AKE 180HP 4Z7907401A 0281010445 362124.zip	196631
ecu_files_audi/Audi A6 allroad 2.7T 263HP 4Z7907551N 0261207766 366367.zip	364636
ecu_files_audi/Audi A6 allroad 2.7T 265HP 4Z7907551D 0261207137 354846.zip	288301
ecu_files_audi/Audi A6 allroad 2.7T BEL 250HP 4Z7907551R.zip	364501
ecu_files_audi/Audi A6-TDI 2,0 BLB-03G906016GN-0281012113-376101.zip	46388
ecu_files_audi/Audi A6_1.8T 150 ori____0.0KW_Siemens_0261206449_4B0906018AA_352728_2725.rar	224807
ecu_files_audi/Audi A6_2.0L_98y_024D.zip	19757
ecu_files_audi/Audi A6_2.0TDI_140HP_03G906016MH_0281014261_393546_bdm.zip	673949
ecu_files_audi/Audi A8 2.5TDI 150HP 4D0907401G 0281001773 093.zip	117808
ecu_files_audi/Audi A8 2.5TDI 180HP 4D2907401 0281010160 354334.zip	194104
ecu_files_audi/Audi A8 2.5TDI 180HP 4D2907401 0281010160 354666.zip	195044
ecu_files_audi/Audi A8 3.3TDI AKF 224HP 4D0907409A 0281001867 351497.zip	156573
ecu_files_audi/Audi A8 30Tdi - 375254).zip	648196
ecu_files_audi/Audi A8 4,2tdi 37383056.rar	68691
ecu_files_audi/Audi A8 4.2 4E0907560 393279 0261201146.rar	376840
ecu_files_audi/Audi A8 4.2 V8 380HP 4D0907557G 0261204205 355159.zip	78724
ecu_files_audi/Audi A8 4.2 V8 4D0907557B 0261203300 358194.zip	49113
ecu_files_audi/Audi A8 6.0-450HP-4E0906018-0261208203-370953.zip	435105
ecu_files_audi/Audi A8_2.5LTDI_358094-93.ZIP	110977
ecu_files_audi/Audi A8_4.0_V8_275Ks edc16x2.zip	573304
ecu_files_audi/Audi A8_4.2_368674_208493_4E0910560K.rar	376725
ecu_files_audi/Audi B3 S2 2.2T 0261200484 356530.rar	23582
ecu_files_audi/Audi Q 7 3.0tdi 233ps 0281013691 -723.rar	773394
ecu_files_audi/Audi Q5 03L906022NH-1037399332 edc17.zip	88482
ecu_files_audi/Audi Q7 3.0TDI 171kW 4L0907401 379749.zip	74428
ecu_files_audi/Audi Q7 3.0TDI 4L0907401 390614.zip	75516
ecu_files_audi/Audi Q7 4.2TDI 326HP 4E1907409B 0281013013-1037387808.rar	1281586
ecu_files_audi/Audi Q7 4.2TDI 4L0910409D ecu1&ecu2.zip	76229
ecu_files_audi/Audi Q7 4L0907401A - 396098 edc17.zip	86545
ecu_files_audi/Audi Q7_2007__edc16_CP_-_0_281_012_772.rar	645361
ecu_files_audi/Audi Q7_2007__edc16_CP_-_0_281_012_772_bdm.rar	645361
ecu_files_audi/Audi R8 4.2 V8 FSI Original 420PS.rar	592575
ecu_files_audi/Audi RS2 0261203478 1267358289.rar	23464
ecu_files_audi/Audi RS2 2.2T 895907551A 0261203145 358022.zip	24103
ecu_files_audi/Audi RS4 2.7T 8D0907551F 0261206635 354531.zip	298050
ecu_files_audi/Audi RS4 2.7l V6 5VT 8D0907551K 0261207001 360387.rar	267309
ecu_files_audi/Audi RS4 4.2FSI 8E1907560 0261S02165 379578.zip	657367
ecu_files_audi/Audi S2 2.2 ABH 220HP 0261203143 357360.zip	25235
ecu_files_audi/Audi S3 (8L) 1.8 BAM-8N0906018BH-0261207751-1037362999.zip	303495
ecu_files_audi/Audi S3 (8L) 1.8-AMK-8N0906018CH-0261208269-367511.zip	303483
ecu_files_audi/Audi S3 1.8T 210HP 8L0906018K 0261206442 352377.zip	229708
ecu_files_audi/Audi S3 1.8T 210HP 8L0906018K 0261206442 352465.zip	229729
ecu_files_audi/Audi S3 1.8T 210HP 8N0906018J 0261206794 360284.zip	303452
ecu_files_audi/Audi S3 1.8T 210HP 8N0906018J 0261206794 360314.zip	303445
ecu_files_audi/Audi S3 1.8T 210HP AMK 8N0906018AG 0261207213 360320.zip	303532
ecu_files_audi/Audi S3 1.8T 210HP N0906018 0261204900 350751.zip	226894
ecu_files_audi/Audi S3 1.8T 225HP 8N0906018BH 0261207751 362999.zip	303483
ecu_files_audi/Audi S3 1.8T APY 210HP 8L0906018N 0261206796 352820.zip	229765
ecu_files_audi/Audi S3 2.0TFSI 265HP 8P0907115H 0261S02342 384214.zip	835978
ecu_files_audi/Audi S3 2.0TFSI 8P0907115H 1037387473.zip	840116
ecu_files_audi/Audi S3 210HP 8L0906018N 0261206796 354092.zip	229762
ecu_files_audi/Audi S3 225HP 8N0906018BP 0261208054 366474.zip	311495
ecu_files_audi/Audi S4 2.2T 260HP 4A0907551A 0261200465 356703.zip	22943
ecu_files_audi/Audi S4 2.2T 260HP 4A0907551AA 0261200465 356711.zip	24115
ecu_files_audi/Audi S4 2.2T 260HP 4A0907551AA 0261200465 357248.zip	24136
ecu_files_audi/Audi S4 2.2T 260HP 4A0907551AA 0261200465 357391.zip	24248
ecu_files_audi/Audi S4 2.2T AAN 230HP 4A0907551B 0261203005 357249.zip	24138
ecu_files_audi/Audi S4 2.7T - 265hp 0261206776 1037354123.rar	254107
ecu_files_audi/Audi S4 2.7T 250HP 8D0907551D 0261206382 350243.zip	260984
ecu_files_audi/Audi S4 2.7T 265HP 8D0907551A 0261206110 352345.zip	262082
ecu_files_audi/Audi S4 2.7T 265HP 8D0907551A 0261206110 352741.zip	263412
ecu_files_audi/Audi S4 2.7T 265HP 8D0907551L 0261207004 354145.zip	281763
ecu_files_audi/Audi S4 2.7T 8D0907551L 0261206562 1037352815.rar	234929
ecu_files_audi/Audi S4 2.7T 8D0907551M 0261207143 1037360857.rar	247944
ecu_files_audi/Audi S4 2.7t 8d0907551AA 0261207453 1037370992.rar	254050
ecu_files_audi/Audi S4 4.2 V8 8H0910560A 0020 (8E0907560) 0261208462 375090.rar	371771
ecu_files_audi/Audi S5 4.2 V8 8T0907560 0261S02329 390268.zip	837999
ecu_files_audi/Audi S6 4.2 V8 290HP 4A0907557B 0261203645 358378.zip	27180
ecu_files_audi/Audi S6 4.2L 4D0907559E 0002 0261206846 360170.rar	273186
ecu_files_audi/Audi S6 4.2l 4D0907558 0261206372 1037352381 me7.1.rar	218399
ecu_files_audi/Audi S6 Turbo 4A0907551C 27C512 fuel-ign.rar	24430
ecu_files_audi/Audi S8 4.2 V8 4D0907557N 0261204563 358953.zip	79964
ecu_files_audi/Audi TT 1.8 225HP 8N0906018F 0261206105 356615.zip	220856
ecu_files_audi/Audi TT 1.8T 0261208268 8N0906018CG 369579.zip	312866
ecu_files_audi/Audi TT 1.8T 150HP 8D0907557T 0261204185 357482.zip	81180
ecu_files_audi/Audi TT 1.8T 180HP 8N0906018AB 0261207027 354503.zip	225325
ecu_files_audi/Audi TT 1.8T 180HP 8N0906018AQ 0261207416 363478.zip	317848
ecu_files_audi/Audi TT 1.8T 200HP 0261S02519 387549.rar	712947
ecu_files_audi/Audi TT 1.8T 225HP 8L0906018M 0261206797 352821.zip	229756
ecu_files_audi/Audi TT 1.8T 225HP 8L0906018M 0261206797 354094.zip	229769
ecu_files_audi/Audi TT 1.8T 225HP 8N0906018AN 0261207418 362588.zip	259271
ecu_files_audi/Audi TT 1.8T 225HP 8N0906018F 0261206105 350745.rar	200993
ecu_files_audi/Audi TT 1.8T 225HP 8N0906018F 0261206105 350745.zip	226723
ecu_files_audi/Audi TT 1.8T 8N0906018BR 0261208005 369398.zip	319699
ecu_files_audi/Audi TT 1.8T AJQ 180HP 8N0906018A 0261204898 359559.zip	220368
ecu_files_audi/Audi TT 1.8T AJQ 180HP 8N0906018B 0261204962 350294.zip	225299
ecu_files_audi/Audi TT 1.8T APX 225HP 8N0906018AE 0261207030 354178.zip	227062
ecu_files_audi/Audi TT 1.8T AUQ 180HP 8L0906018Q 0261206790 360287.zip	304253
ecu_files_audi/Audi TT 1.8T AUQ 8L0906018Q 0261206790 354029.zip	304220
ecu_files_audi/Audi TT 1.8T BAM 225HP 8N0906018H 0261206795 360313.zip	303465
ecu_files_audi/Audi TT 2.0TFSI 8E0907115D 0261S02211 376490.zip	841222
ecu_files_audi/Audi TT 8N0906018CG 018CG-(0005).rar	276971
ecu_files_audi/Audi TT quattro sport 240HP 8N0906018CA.rar	277941
ecu_files_audi/Audi a2 files.zip	375770
ecu_files_audi/Audi a3 1.6 100pk akl 019am org.rar	71511
ecu_files_audi/Audi a3 1.9 tdi 0 281 011 383_03G906016J_7640.zip	293496
ecu_files_audi/Audi a3 1.9TDI AFN 110HP 038906018BA 0281001756 357284.zip	105444
ecu_files_audi/Audi a3 1.9TDI AHF 110HP 038906018AJ 0281001694 357590.zip	101292
ecu_files_audi/Audi a3 1.9l tdi 0281001756-357284-028906018ba (67FD).rar	85743
ecu_files_audi/Audi a3 19TDI AGR 90HP 0281001693 0381001693 357319.zip	100197
ecu_files_audi/Audi a3 19TDI AGR 90HP 038906018AH 0281001693 357791.zip	100198
ecu_files_audi/Audi a4 1.9 tdi 038906019CG_0281010406_362036.rar	152330
ecu_files_audi/Audi a4 1.9TDI AFN 110HP 028906021EA 0281001490 355111.zip	75120
ecu_files_audi/Audi a4 2.0tdi bpw 03G906016KN.zip	322884
ecu_files_audi/Audi a4 quattro 1.9TDI AFN 110HP 028906021EM 0281001554 355538.zip	99986
ecu_files_audi/Audi a6 30tdi 37389135.rar	90978
ecu_files_audi/Audi a6_25TDI_163ps_011136soft367156.rar	167947
ecu_files_audi/Audi a6_281010494_363776_2.rar	159295
ecu_files_audi/Audi allroad 2,5tdi 0281010207_1037354429.rar	141175
ecu_files_audi/Audi allroad 2.5TDI 362747 010897.rar	145257
ecu_files_audi/Audi tt_225hp207030-018AE.zip	227350
ecu_files_audi/Audi v6 180 quatttro 2002 8E0907401D-0281010823.rar	158860
ecu_files_audi/Audi-A4-1,8T-AWT-4B0906018CG-0261207215-360306.zip	315420
ecu_files_audi/AudiA4-140HP-03G906016GN-0281012113-383292.rar	229477
ecu_files_audi/Audi_2.0TDI_140HP_03G906016JP_7378834.rar	334803
ecu_files_audi/Audi_200_B2200_R5V4T_162kW_0261200451_447907404AA_xxx_1267356462_260.zip	25088
ecu_files_audi/Audi_200_B2200_R5V4T_162kW_0261200451_447907404A_xxx_1267356259_260.zip	25006
ecu_files_audi/Audi_80_1.9TDI_1Z_90HP_0281001317_875-876.zip	42477
ecu_files_audi/Audi_80_1993_2.6L_V6_150ps_Hella_4A0907473A.rar	22582
ecu_files_audi/Audi_80_D1900_R4V2T_66kW_0281001133_8A0907401A_D06_2287357598_599.zip	32984
ecu_files_audi/Audi_80_D1900_R4V2T_66kW_0281001186_8A0907401B_D09_2287357913_914.zip	33072
ecu_files_audi/Audi_80_D1900_R4V2T_66kW_0281001198_028906021D_D21_2287358770_771.zip	41250
ecu_files_audi/Audi_80_D1900_R4V2T_66kW_0281001330_028906021AR_D63_2287357894.zip	42249
ecu_files_audi/Audi_80_D1900_R4V2T_66kW_0281001367_028906021F_D3I_2537355585_586.zip	42665
ecu_files_audi/Audi_80_D1900_R4V2T_66kW_0281001441_028906021DQ_D0S_2537355890_891.zip	42699
ecu_files_audi/Audi_80_D1900_R4V2T_66kW_0281001568_028906021FD_KD04_1037358670(1).zip	110588
ecu_files_audi/Audi_80_D1900_R4V2T_66kW_0281001568_028906021FD_KD04_1037358670.zip	110588
ecu_files_audi/Audi_A3_03G906021HP.rar	57457
ecu_files_audi/Audi_A3_1.8T_150HP_06A906032AS_0261206435_352354.zip	250926
ecu_files_audi/Audi_A3_1.8T_150HP_06A906032CL_0261206552_1037354003.zip	247649
ecu_files_audi/Audi_A3_1.8T_180HP_06A906032HP_0261207441_360647.zip	313145
ecu_files_audi/Audi_A3_1.8T_180PS_0261206269_06A906032AF_350034.zip	225035
ecu_files_audi/Audi_A3_1.8T_AGN_125HP_06A906018C_0261204127_355961.zip	81964
ecu_files_audi/Audi_A3_1.8T_ARZ_150HP_0261206435_352757.zip	251609
ecu_files_audi/Audi_A3_1.8_125HP_0261206906_354810.rar	227447
ecu_files_audi/Audi_A3_1.9TDI_100HP_0281010670_G038906019FH_363738.rar	158304
ecu_files_audi/Audi_A3_1.9TDI_105HP_03G906016J_0281011383_368596.zip	249224
ecu_files_audi/Audi_A3_1.9TDI_110HP_038906012BB_0281010123_350851.zip	137548
ecu_files_audi/Audi_A3_1.9TDI_90HP_038906012B_0281010121_350849_2802.zip	152782
ecu_files_audi/Audi_A3_1.9TDI_90HP_038906018AK_0281001728_357704.zip	92717
ecu_files_audi/Audi_A3_1.9TDI_AGR_90HP_038906018AH_0281001693_357791.zip	103185
ecu_files_audi/Audi_A3_1.9TDI_BKC_105HP_03G906016J_0281011383_369261.zip	287050
ecu_files_audi/Audi_A3_2.0TDI_03G906021AB_382661_ORI.rar	480096
ecu_files_audi/Audi_A3_2.0TDI_140HP_03G906016G_0281011364_368156.zip	247890
ecu_files_audi/Audi_A3_2.0TDI_140HP_03G906016G_0281011364_368508.zip	248463
ecu_files_audi/Audi_A3_2.0TDI_BKD_140HP_03G906016AT_0281011453_369901.zip	286872
ecu_files_audi/Audi_A3_2.0TDI_BKD_140HP_03G906016G_0281011364_369819.zip	286289
ecu_files_audi/Audi_A3_2.0_BKD_140HP_0281011364_03G906016G_369819 full bdm.rar	490907
ecu_files_audi/Audi_A3_2.0tdi_8v_BMM_140hp_03G906021T_382663.rar	56544
ecu_files_audi/Audi_A3_20TDI_170HP_PPD12_03G906018DH_1185_ORI1.rar	52041
ecu_files_audi/Audi_A3_B1800_R4V5T_165kW_0261206438_06A906032R_0002_1037352355_crc9C3CED82.zip	251104
ecu_files_audi/Audi_A3_D1900_R42VT_96kW_0281010308_038906019CK_1243_1037360044_crc33B3CFFC.zip	186350
ecu_files_audi/Audi_A3_D1900_R42VT_96kW_0281010561_038906019EF_1331_1037360585_crc3ED18F25.zip	168018
ecu_files_audi/Audi_A3_D1900_R42VT_96kW_0281010981_038906019FT_1527_1037363228_crcB9EF1D69.zip	218261
ecu_files_audi/Audi_A3_D1900_R4V2T_96kW_0281001308_038906019CK_1243_1037360044_crcF03BD0AF.zip	186350
ecu_files_audi/Audi_A3_D1900_R4V2T_96kW_0281010308_038906019CK_1477_1037362845_crc97223402.zip	196387
ecu_files_audi/Audi_A3_D1900_R4V2T_96kW_0281010981_038906019FT_1577_1037366273_crc9881DFF6.zip	218417
ecu_files_audi/Audi_A3_D2000_R4V4T_103kW_0281011450_03G906016AL_5249_1037368223_crcCFBDEB5B.zip	247736
ecu_files_audi/Audi_A4_03L906022B__500119_org.rar	822985
ecu_files_audi/Audi_A4_1.8T_150HP_4B0906018P_0261206537_352750.zip	254307
ecu_files_audi/Audi_A4_1.8T_150HP_8D0907557T_0261204185_1037358703.zip	81975
ecu_files_audi/Audi_A4_1.8T_190HP_8E0909518AN_0261208285_368075.zip	361899
ecu_files_audi/Audi_A4_1.8T_4B0906018R_0261206539_354735.zip	311559
ecu_files_audi/Audi_A4_1.8T_4B0906018R_0261206539_354801.zip	311568
ecu_files_audi/Audi_A4_1.8T_8E0909518AK_0261208230_368072.zip	362547
ecu_files_audi/Audi_A4_1.8T_8E0909518AS_0261208500_369011.zip	359014
ecu_files_audi/Audi_A4_1.8T_8E0909518BA_0261208512_369017.rar	324530
ecu_files_audi/Audi_A4_1.8T_AEB_150HP_8D0907557_0261203551_355800.zip	51641
ecu_files_audi/Audi_A4_1.8_0261204774_8D0907558B_357973.zip	81213
ecu_files_audi/Audi_A4_1.8_0261204957_8D0907558T_356670.zip	81680
ecu_files_audi/Audi_A4_1.9TDI_100HP_038906019LF_0281011210_366506.zip	201683
ecu_files_audi/Audi_A4_1.9TDI_105HP_03G906016HA_390133.zip	49767
ecu_files_audi/Audi_A4_1.9TDI_110HP_038906012AH_0281010200_1037352636.zip	154261
ecu_files_audi/Audi_A4_1.9TDI_115HP_0281011887_03G906016CJ_1037371805.zip	254770
ecu_files_audi/Audi_A4_1.9TDI_115HP_038906019CC_0281010304_354372_1091.rar	138620
ecu_files_audi/Audi_A4_1.9TDI_115HP_03G906016FE_0281012127_390131.zip	324245
ecu_files_audi/Audi_A4_1.9TDI_130HP_038906019FP_0281010729_363740.zip	174786
ecu_files_audi/Audi_A4_1.9TDI_90HP_0281010197_038906012AF_352621.zip	152783
ecu_files_audi/Audi_A4_1.9TDI_AVB_100HP_038906019JP_0281011141_366049_1569.zip	200662
ecu_files_audi/Audi_A4_1.9TDI_AWX_130HP_038906019GD_0281010844_362628.zip	197403
ecu_files_audi/Audi_A4_18TFSI_160ps.rar	61418
ecu_files_audi/Audi_A4_18T_0 261 206 869_8E0909518_0001_354008.zip	338000
ecu_files_audi/Audi_A4_2.0TDI_140HP_03G906016LR_0281012726_386343.zip	396048
ecu_files_audi/Audi_A4_2.0TFSI_200bhp_HW_0261S02145_SW_1037387403.rar	702753
ecu_files_audi/Audi_A4_2.0TFSI_8E0907115D_0261S02211_386863.zip	857240
ecu_files_audi/Audi_A4_2.0_8E1910018A_0030_0261S01024_369002.rar	394788
ecu_files_audi/Audi_A4_2.0_TDI_140HP_03L906022B__396484 cmd read edc17.rar	82230
ecu_files_audi/Audi_A4_2.5TDI_150HP_0281010152_4B0907401R_1037351651.zip	125181
ecu_files_audi/Audi_A4_2.5TDI_155HP_0281010492_362492.rar	159103
ecu_files_audi/Audi_A4_2.5TDI_155HP_8D1907401A_0281010100_352924.zip	150730
ecu_files_audi/Audi_A4_2.5TDI_163HP_8E0907401AF_0281012142_375555.zip	208435
ecu_files_audi/Audi_A4_2.5TDI_163HP_8E0907401S_0281011435_369443.zip	257736
ecu_files_audi/Audi_A4_2.5TDI_163HP_E0907401M_0281011255_368106.zip	381190
ecu_files_audi/Audi_A4_2.5TDI_180HP_8E0907401J_0281011387_368568.zip	446906
ecu_files_audi/Audi_A4_2.5_TDI_180HP_8E0907401_0281011386_1037367176.zip	292784
ecu_files_audi/Audi_A4_3.0TDI_204HP_8E0907401AJ_377113.zip	60365
ecu_files_audi/Audi_A4_B1800_R4V5T_110kW_0261207854_8E0909518P_0001_1037363386_crc087E0E4B.zip	341538
ecu_files_audi/Audi_A4_D1900_ATJ_R4V2T_85kW_0281010094_038906019AN_1063_1037354264.zip	170310
ecu_files_audi/Audi_A6_(4F)_3_0l_TDI_CR_176kw_Bosch_EDC_17CP04_CAN_399807.rar	95394
ecu_files_audi/Audi_A6_1.8T_AEB_150HP_4B0907557A_0261204256_357473.zip	78369
ecu_files_audi/Audi_A6_1.9TDI_115HP_03G906016JA_0281012723_1037377587.zip	60019
ecu_files_audi/Audi_A6_1.9TDI_AVF_130HP_038906019GF_0281010812_362603.zip	179796
ecu_files_audi/Audi_A6_1.9TDI_AVF_130HP_038906019GF_0281010812_363743.rar	156569
ecu_files_audi/Audi_A6_2,0_BRE_140HP,DPF_03G906016GC.rar	361516
ecu_files_audi/Audi_A6_2.0TDI_136HP_03G906016HQ_0281012555_383820.zip	64542
ecu_files_audi/Audi_A6_2.0TDI_140HP_03G906016BF_382716.zip	50226
ecu_files_audi/Audi_A6_2.0TDI_140HP_03G906016GB_0281012112_383724.zip	64847
ecu_files_audi/Audi_A6_2.0TDI_140HP_03G906016MH_0281014261_393546.ori.zip	396241
ecu_files_audi/Audi_A6_2.5TDI_140HP_0281001321_355498.zip	58901
ecu_files_audi/Audi_A6_2.5TDI_150HP_0281010156_8D0907401M.zip	125688
ecu_files_audi/Audi_A6_2.5TDI_150HP_4B0907401Q_0281010151_1037352649.zip	124683
ecu_files_audi/Audi_A6_2.5TDI_150HP_4B0907401R_0281010152_1037351323.zip	125189
ecu_files_audi/Audi_A6_2.5TDI_150HP_4B1907401A_0281010095_354255.zip	150816
ecu_files_audi/Audi_A6_2.5TDI_150HP_8D0907401N_0281010157_351050.zip	111238
ecu_files_audi/Audi_A6_2.5TDI_163HP_0281011255_8E0907401M_370841.zip	380380
ecu_files_audi/Audi_A6_2.5TDI_180HP_4B2907401F_0281010443_362485.zip	172967
ecu_files_audi/Audi_A6_2.5TDI_180HP_allroad_4Z7907401A_0281010445_354376.zip	196815
ecu_files_audi/Audi_A6_2.5TDI_4B0907401K_0281001931_350601.zip	120330
ecu_files_audi/Audi_A6_2.5TDI_AAT_115hp_4A0907401E_0281001254_355048_355049.zip	44175
ecu_files_audi/Audi_A6_2.5TDI_AEL_140HP_4A0907401P_0281001321_355246.zip	42492
ecu_files_audi/Audi_A6_2.5TDI_AFB_150HP4B0907401AA_0281010154_1037352634.zip	99968
ecu_files_audi/Audi_A6_2.5TDI_AFB_150HP_4B0907401AC_0281010399_351313.zip	180446
ecu_files_audi/Audi_A6_2.5TDI_AKE_180HP_4B2907401D_0281010395_354333.zip	173990
ecu_files_audi/Audi_A6_2.5TDI_AKE_4B2907401J_0281010822_366611.zip	224304
ecu_files_audi/Audi_A6_2.7TDI_180HP_4F2910401R_377106.zip	102479
ecu_files_audi/Audi_A6_2.7T_AJK_230HP_4B0907551G_0261206380_354065.zip	266530
ecu_files_audi/Audi_A6_233HP_3.0TDI_4F0910402E_381388.zip	104417
ecu_files_audi/Audi_A6_3.0TDI_224HP_4F0907401B_1037374416.zip	397579
ecu_files_audi/Audi_A6_3.0TDI_233HP_4F9910401L_389130.zip	104474
ecu_files_audi/Audi_A6_3.0TDI_4F0907401A_0281011569_371077.zip	55196
ecu_files_audi/Audi_A6_4.2i_4D0907560AE_0261206843_354728.zip	308651
ecu_files_audi/Audi_A6_TDI_150PS_0281010005_8D1907401_354256_.zip	190928
ecu_files_audi/Audi_A8_2.5TDI_AFB_150HP_4D0907401N_0281010397_351308.zip	165549
ecu_files_audi/Audi_A8_3.3TDI_225HP_4D0907409C_0281010900_1037351707.zip	159947
ecu_files_audi/Audi_Q5_2.0TDI_170HP_03L906022B_03L906022Q_500144.zip	88582
ecu_files_audi/Audi_Q5_2.0TDI_170HP_03L906022NH_03L906022B_500120 edc17cp14.rar	86341
ecu_files_audi/Audi_Q7_4.2TDI_326HP_4E1907409B_0281013013.zip	531672
ecu_files_audi/Audi_Q7_TDI_V6_30_235_383721_4L0910401M_0030.zip	86752
ecu_files_audi/Audi_R8_0_261_S02_234_1037390288_MED91_4.2L_V8_ori.zip	712578
ecu_files_audi/Audi_RS4_2.7T_380HP_8D0907551Q_0261207141_360388.zip	301628
ecu_files_audi/Audi_RS6+_4D1907558F_0261208728_373709.zip	362492
ecu_files_audi/Audi_S4_2.7T_265HP_8DO907551C_0261206108_350093.zip	243101
ecu_files_audi/Audi_S4_2.7_8D0907551G_0261206776_360855.zip	287519
ecu_files_audi/Audi_S4_4.2i_8E0907560H_0261208776_1037374035.zip	423223
ecu_files_audi/Audi_S4_4.2l_Bosch_ME_7.1.1_0261208777_374033_FD57.ori.rar	369612
ecu_files_audi/Audi_S6_4.2_V8_290HP_4A0907557C_0261203599_355858.zip	27090
ecu_files_audi/Audi_S6_V10_MED9_1_right_0261S02367_1037387930.ZIP	1513738
ecu_files_audi/Audi_S8_4.2i_360HP_4D0907559G_0261206096_352379.zip	251910
ecu_files_audi/Audi_TTS_2.0TFSI_272HP_8J0907115Q__0261S02581_393740.zip	878339
ecu_files_audi/Audi_TT_1.8T_180HP_8N0906018BR_0261208005_363675.zip	318886
ecu_files_audi/Audi_TT_1.8T_180HP_8N0906018Q_0261206439_354510.zip	252395
ecu_files_audi/Audi_TT_1.8T_225HP_8N0906018K_0261206894.ori.zip	253941
ecu_files_audi/Audi_TT_1.8T_225HP_8N0906018T_0261206228_354508.zip	247494
ecu_files_audi/Audi_TT_1.8T_225bhp_HN 0261206797_SN 1037354094.rar	204000
ecu_files_audi/Audi_TT_3.2_250hp_022906032GE_0261208651_1037370121.rar	347307
ecu_files_audi/Audi_TT__1.8TFSI_160PS_0261201948_1037398687_ORI.zip	109097
ecu_files_audi/Audi__A6_3.0TDI_225HP_0281012269__4f0907401b_375256.zip	382288
ecu_files_audi/audi A4 1.9 TDI 116CH.rar	56926
ecu_files_audi/audi A6 2.5TDI.001931.rar	96802
ecu_files_audi/audi a6_c5_afn_110hp_038906018FH_0281010066_1037350169_350169.rar	98671
ecu_files_audi/audi-a3-m382-06a906018d-0261204254-357471.rar	77381
ecu_files_audi/audi_a3_19tdi_90hp_038906012c_0281010122_1037350850_534.zip	154138
ecu_files_audi/audi_rs4_Bosch_ME7_0261207001_1037360387.rar	311985
ecu_files_bmw/BMW 118D 143CV EDC17 0281 013 537_396 564.rar	80358
ecu_files_bmw/BMW 118d_e87_122hp_0281012335_1037372965_EDC16C35.rar	563483
ecu_files_bmw/BMW 120D 1037381341.rar	54003
ecu_files_bmw/BMW 120D 163HP 0281012334 374482.zip	650843
ecu_files_bmw/BMW 120D 163HP 0281012754 379332.zip	666863
ecu_files_bmw/BMW 120D 163Hp 1037372580.rar	49641
ecu_files_bmw/BMW 316 026120522 357067.zip	21410
ecu_files_bmw/BMW 318 E36 1.8i_0261200520_1267356585.zip	21789
ecu_files_bmw/BMW 318D 2.0D 122HP 0281013252 379333.zip	667846
ecu_files_bmw/BMW 318TDS 0281001243 355281.zip	36351
ecu_files_bmw/BMW 318TDS 90HP 0281001243 2537355280 + 2537355281.rar	35030
ecu_files_bmw/BMW 318d_Bosch_EDC16_0281011411_1037361859.ori.zip	170527
ecu_files_bmw/BMW 318i 0261200520-066.rar	20886
ecu_files_bmw/BMW 320 M52 - 5WK9 022 DME MS 41.0(87c110).rar	26952
ecu_files_bmw/BMW 320 e36 5wk9002_org.rar	30875
ecu_files_bmw/BMW 320D 0281 010 565 BDM.rar	351118
ecu_files_bmw/BMW 320D 136 HP 0281010205.zip	88523
ecu_files_bmw/BMW 320D 136HP 0281001445 350862.zip	85704
ecu_files_bmw/BMW 320D 136HP 0281001445 785098.zip	82267
ecu_files_bmw/BMW 320D 136HP 0281001445 786887.zip	85733
ecu_files_bmw/BMW 320D 150HP 0281010565 361830.zip	152579
ecu_files_bmw/BMW 320D 163HP 0281013501 1037381341.rar	328950
ecu_files_bmw/BMW 320D 2.0TDS 136HP 0281001445 350863.zip	85745
ecu_files_bmw/BMW 320d - E90, 2006, 163ps, automat , 0 281 012 501.rar	584672
ecu_files_bmw/BMW 320d man e90 0281012754 1037389882.rar	584564
ecu_files_bmw/BMW 320i_5WK9-002-org.rar	30869
ecu_files_bmw/BMW 325 2.5TD 0281001380 355081.zip	22313
ecu_files_bmw/BMW 325 2.5TD 0281001380 355082.zip	17511
ecu_files_bmw/BMW 325 TDS 143HP - 0281001201 2287358516.zip	17600
ecu_files_bmw/BMW 325 TDS 143HP - 0281001201 2287358531.zip	15664
ecu_files_bmw/BMW 325 TDS 2_287_358_516.zip	17600
ecu_files_bmw/BMW 325 tds E36 bosch 0281001201.rar	17711
ecu_files_bmw/BMW 325I 2.5 192HP 0261200073 355377.zip	6050
ecu_files_bmw/BMW 325TDS 0281001380 351203.zip	39804
ecu_files_bmw/BMW 325_E30_0261200380_356204.zip	19227
ecu_files_bmw/BMW 325i 0261200380-1267356204.rar	18555
ecu_files_bmw/BMW 325i 0261200380-1267356425 chks 4F47.rar	18604
ecu_files_bmw/BMW 325i 2.5i 0261200403 356547.zip	22569
ecu_files_bmw/BMW 325tds 2_287_358_531.zip	15664
ecu_files_bmw/BMW 330CI 1999 MS42 5WK9037 7500255.rar	150186
ecu_files_bmw/BMW 330D E46 204HP 0281011223 361842.zip	188581
ecu_files_bmw/BMW 330D_3.0D_184HP_0281010144_1037351761.zip	143220
ecu_files_bmw/BMW 330d 1037351761.rar	21272
ecu_files_bmw/BMW 330i 430055-MS43.zip	224952
ecu_files_bmw/BMW 330i e46 ms43 5wk90008 75099427509942_-_5wk90008_330i.rar	194265
ecu_files_bmw/BMW 330xd 170kw 052- 37376969.rar	69571
ecu_files_bmw/BMW 335D 286HP 0281013854 383837.zip	530408
ecu_files_bmw/BMW 335I.rar	891783
ecu_files_bmw/BMW 520D 150HP 0281013251 379332.zip	372527
ecu_files_bmw/BMW 520d 0281001445.rar	79715
ecu_files_bmw/BMW 520d 0281012754 1037389882.rar	584564
ecu_files_bmw/BMW 520d_0281001445.rar	79715
ecu_files_bmw/BMW 524TD E34 114HP 0281001077.zip	12529
ecu_files_bmw/BMW 525D 0281010314-351513.zip	23363
ecu_files_bmw/BMW 525D 1037351761_1037351265.zip	143295
ecu_files_bmw/BMW 525D 163HP 0281010314 351761.zip	142724
ecu_files_bmw/BMW 525D E60 177Hp 1037374712.rar	58995
ecu_files_bmw/BMW 525TD 0281001181 358663.zip	33520
ecu_files_bmw/BMW 525TD 0281001183 358446.zip	33315
ecu_files_bmw/BMW 525TD E39 143HP 0281001373 359352.zip	25255
ecu_files_bmw/BMW 525TDS 0281001373 355945.zip	24379
ecu_files_bmw/BMW 525d 1037351761.rar	21864
ecu_files_bmw/BMW 530D E39 0281010314 351632.rar	129851
ecu_files_bmw/BMW 530D MW 530D E60 0281011120-387646 218HP E60 0281011120 387646 .zip	58450
ecu_files_bmw/BMW 530d (E61) 0281014205 390115.zip	528573
ecu_files_bmw/BMW 530i 30L E34 1722612 M13 CHK F49B 0261200178_1267355548.zip	19185
ecu_files_bmw/BMW 535 0261200061(1).rar	4177
ecu_files_bmw/BMW 535 0261200061.rar	4177
ecu_files_bmw/BMW 535 0261200179.rar	18306
ecu_files_bmw/BMW 535I 0261200179 355549.zip	18983
ecu_files_bmw/BMW 535d 37390198.rar	66754
ecu_files_bmw/BMW 535i 35L 1718807 M11 CHK 04CC BOSCH 0261200150 1267355450.zip	17453
ecu_files_bmw/BMW 535i 35L 1720981 M11 CHK F73A BOSCH 0261200150 1267355566 .zip	17603
ecu_files_bmw/BMW 535i 35L 1720981 M11 CHKF853 BOSCH 0261200150 1267355566.zip	17596
ecu_files_bmw/BMW 6 E63 650i 367Hp 0261209352_1037383785.zip	728444
ecu_files_bmw/BMW 730D 0281011231 1037361884.zip	196186
ecu_files_bmw/BMW 730D 0281011231 361884.zip	195213
ecu_files_bmw/BMW 730D 231_361884.rar	176359
ecu_files_bmw/BMW 730D 231_361884org.rar	431088
ecu_files_bmw/BMW 730d 0281011231 1037390907.rar	36241
ecu_files_bmw/BMW 730d 231-390907.rar	36162
ecu_files_bmw/BMW 740i 484-8.582org.rar	33985
ecu_files_bmw/BMW 850 CSI 0261203069 357954.zip	19895
ecu_files_bmw/BMW E28 535i M30B34 Bosch 0 261 200 061 SW 5126.rar	1786
ecu_files_bmw/BMW E30 318i M40B18 113HP 0261200157 355610.rar	16725
ecu_files_bmw/BMW E30 325i 173HP 0261200081 355177.zip	3029
ecu_files_bmw/BMW E30 325i 173HP 0261200081 358546.rar	5935
ecu_files_bmw/BMW E34 525td 0281001298-355406 355_406.rar	19014
ecu_files_bmw/BMW E34 M5 S38B36 0261200350 1267356163.rar	17182
ecu_files_bmw/BMW E36 316 0261203660 358700.zip	31075
ecu_files_bmw/BMW E36 316i 0261203660 355934.zip	93628
ecu_files_bmw/BMW E36 316i 1.9 0261204420.zip	96209
ecu_files_bmw/BMW E36 316i 102Hp 0261203447.rar	45092
ecu_files_bmw/BMW E36 318i 0261204173 1429695.zip	48176
ecu_files_bmw/BMW E36 318i 113HP 0261203357 358596.zip	21620
ecu_files_bmw/BMW E36 318i M40B18 113HP 0261200520 1267356585.rar	21131
ecu_files_bmw/BMW E36 318i M40B18 113HP 0261200520 357066.zip	21582
ecu_files_bmw/BMW E36 318i M43B18 115HP 0261203277 357982 (1).rar	20247
ecu_files_bmw/BMW E36 318i M43B18 115HP 0261203277 357982.rar	20247
ecu_files_bmw/BMW E36 318is M42 0261203590 1267358597.zip	65383
ecu_files_bmw/BMW E36 320 Siemens MS40.1 5WK9 002.rar	30875
ecu_files_bmw/BMW E36 320i M52 MS40.1 5wk9002 1703808.rar	30880
ecu_files_bmw/BMW E36 325I 192HP 0261200413 357609.zip	31986
ecu_files_bmw/BMW E36 325I 192HP 0261200413 358715.zip	33306
ecu_files_bmw/BMW E36 325TDS 0281001294 355403.zip	51254
ecu_files_bmw/BMW E36 325TDS 0281001299 355409.zip	36380
ecu_files_bmw/BMW E36 325i 0261200402 357098.zip	22795
ecu_files_bmw/BMW E36 325i 192HP 0261200413 357623.zip	32114
ecu_files_bmw/BMW E36 Z3 1.8 115HP 0261204173.zip	47856
ecu_files_bmw/BMW E36_320i_5wk9003org.rar	31500
ecu_files_bmw/BMW E38 740i V8 Manual 0261203484 1267357980.rar	29585
ecu_files_bmw/BMW E39 530D 184HP 0281001830 350667.zip	105363
ecu_files_bmw/BMW E39 530D 193hp_0281010314_351632_7788310.rar	128597
ecu_files_bmw/BMW E39 M5 5.0L S62 400hp MSS52 5WK9250.zip	99724
ecu_files_bmw/BMW E46 (361858.zip	154726
ecu_files_bmw/BMW E46 318D 116Hp 1037361879.rar	38028
ecu_files_bmw/BMW E46 320D 136HP 0281001445 351344.zip	88283
ecu_files_bmw/BMW E46 320D 136HP 0281001445.zip	85724
ecu_files_bmw/BMW E46 320D 136PS - 0 281 010 205.zip	87117
ecu_files_bmw/BMW E46 320D 150HP 0281010565.zip	159011
ecu_files_bmw/BMW E46 320d_2005_EDC16C31 BOSCH 0 281 010 565_1037361830.rar	34201
ecu_files_bmw/BMW E46 330D 184HP 0281010144 351210.zip	136226
ecu_files_bmw/BMW E46 330D 204HP 0281011121.zip	408863
ecu_files_bmw/BMW E46 330D 204hp 1037361891.rar	37949
ecu_files_bmw/BMW E60 530d 0281011120_361890_EDC16C31.rar	296032
ecu_files_bmw/BMW E60_520d_aut_0281013501_1037381341_150PS.zip	62012
ecu_files_bmw/BMW E61 530d 0281012091 -905.rar	57242
ecu_files_bmw/BMW E65 735I 272HP 0261209002 - 389760.rar	374648
ecu_files_bmw/BMW E65 DDE7798506 0281011886.rar	738402
ecu_files_bmw/BMW E71 X5 3.0 BOSCH EDC16C35 0281815240 1037500775.rar	76716
ecu_files_bmw/BMW E81-E87 118D 122HP 0281011631 371269.zip	574979
ecu_files_bmw/BMW E90 320 164ps 0281012501 -482.rar	577767
ecu_files_bmw/BMW E90 320D 163cv Bosch EDC16C31 1037376967.rar	60684
ecu_files_bmw/BMW E90 N52 MSV70 5WK98085.rar	495582
ecu_files_bmw/BMW E91 320D 163HP 0281013251 389882.zip	667982
ecu_files_bmw/BMW E91 330d EDC16C35 0 2810 15130_1037390904.rar	74474
ecu_files_bmw/BMW E93 325i SIEMENS MSD80 07595235 07565856.rar	895894
ecu_files_bmw/BMW M3 285HP 0261203075 357934.zip	23174
ecu_files_bmw/BMW M3 285HP 0261203075 358585.zip	29914
ecu_files_bmw/BMW M3 285HP 0261203075 7357081.zip	22936
ecu_files_bmw/BMW M3 3.0 0261203075 1267358585.rar	28730
ecu_files_bmw/BMW M42 318i 148HP Bosch282ecu US Can Spec.zip	20338
ecu_files_bmw/BMW M5 5WK9315 7832785.zip	99840
ecu_files_bmw/BMW M5 E34 S38B38_412OE.rar	21372
ecu_files_bmw/BMW M5 E39 SIEMENS MSS52 52 7831762 0001115852.rar	14235
ecu_files_bmw/BMW Motorcycle K1200R 0261209003.zip	423920
ecu_files_bmw/BMW Siemens MS43 5WK90012 430056.rar	31277
ecu_files_bmw/BMW X3 2.0D 110kw 0281014176 383755.zip	61180
ecu_files_bmw/BMW X3 2.0D 150cv 1037377736.0281013050.rar	58902
ecu_files_bmw/BMW X3-2006-2.0d.150hp-bdm-m58bw016xb-org (1).rar	589452
ecu_files_bmw/BMW X5 218hp 1037381791.rar	65719
ecu_files_bmw/BMW X5 3.0D 0281010314 351761.zip	143109
ecu_files_bmw/BMW X5 3.0D 218HP 0281011414 361878.zip	208857
ecu_files_bmw/BMW X5 3.0L DDE 7 794 626.rar	493808
ecu_files_bmw/BMW X5 335d 0281015852-1037397536.zip	77087
ecu_files_bmw/BMW X5 E53 3.0D DDE 7794626 bosch 0281011414 E2Prom.rar	871
ecu_files_bmw/BMW X5 E53 3.0D DDE 7794626 bosch 0281011414 MPC556.rar	208693
ecu_files_bmw/BMW X5 E53 3.0D DDE 7794626 bosch 0281011414.rar	190159
ecu_files_bmw/BMW Z4 3.0-si MSV70 5wk98086.zip	590209
ecu_files_bmw/BMW e39 530d touring m57 MT 07.rar	96107
ecu_files_bmw/BMW e46 325 2004 5wk90017ms43_5wk90017.rar	201809
ecu_files_bmw/BMW e46 330i Siemens MS43 430037.zip	29851
ecu_files_bmw/BMW e90 320d 163hp 0281012754 1037389882 07809454.rar	576083
ecu_files_bmw/BMW k1100 0261203331 357778.zip	12644
ecu_files_bmw/BMW-330i-430055-MS43.zip	224952
ecu_files_bmw/BMW120D2.rar	591793
ecu_files_bmw/BMW_118D_2.0D_122HP_0281011964_372581.zip	639668
ecu_files_bmw/BMW_120_(E87)_2_0l_d_177PS_Bosch_EDC_17CP02_390655.rar	80262
ecu_files_bmw/BMW_316I_E36_M43B16_Bosch_0_261_203_276__1_267_358______591.ORI.rar	20288
ecu_files_bmw/BMW_318D_E46_2.0D_115HP_0281011411_1037361831.zip	155271
ecu_files_bmw/BMW_318TDS_0281001243_355976_355977.zip	36464
ecu_files_bmw/BMW_318_E36_1.8i_0261200520_1267356585.zip	21789
ecu_files_bmw/BMW_318_E36_1.8i_113HP_0261203357_357913.zip	20522
ecu_files_bmw/BMW_318_tds_0281001711_1037357658_1037357659.rar	37906
ecu_files_bmw/BMW_320D_150HP_0281010565_351755.rar	130269
ecu_files_bmw/BMW_320D_150HP_0281010565_361811.zip	159042
ecu_files_bmw/BMW_320_(E90)_2_0l_d_130kw_Bosch_EDC_17CP02_391387.rar	82719
ecu_files_bmw/BMW_320i_0261200403_1267356547.zip	43124
ecu_files_bmw/BMW_320i_24V_5WK9_MS400_400327586149.zip	32408
ecu_files_bmw/BMW_325TDS_0281001380_351203.zip	39804
ecu_files_bmw/BMW_325i_0261200402_1237357098_A380.zip	22758
ecu_files_bmw/BMW_325i_0281200153_355489.rar	14839
ecu_files_bmw/BMW_330D_E90_3.0D_231HP_0281013253_1037379334.zip	434858
ecu_files_bmw/BMW_330D_E90_3.0D_231HP_0281013500_1037387658.zip	432824
ecu_files_bmw/BMW_335D_286HP_biturbo_0281013854_383494.zip	530383
ecu_files_bmw/BMW_525D_0281010314-351513.zip	23363
ecu_files_bmw/BMW_525TDS_0281001373_357660.zip	24251
ecu_files_bmw/BMW_525TDS_2.5TDS_0281001163_2287358649.zip	33478
ecu_files_bmw/BMW_525TD_0281001293_355284.zip	19772
ecu_files_bmw/BMW_650i_0261209093_07566706_07539138.zip	643003
ecu_files_bmw/BMW_E30_320i_129HP_0261200172_355518.zip	18280
ecu_files_bmw/BMW_E34_525TDS_2.5TDS_143HP_0281001184_358668.zip	18936
ecu_files_bmw/BMW_E35_525i_0261200400_356300.zip	22226
ecu_files_bmw/BMW_E36_318i_115HP_0261200520_357066_EBB9.zip	21618
ecu_files_bmw/BMW_E36_320i_0261200402_1267357949.zip	22828
ecu_files_bmw/BMW_E36_B1800_R4V4_103kW_0261203590_1247786_xxx_1267357969_crc906328DD.zip	21202
ecu_files_bmw/BMW_E36_M3_0261203075-1267357934_(9CEE).rar	22096
ecu_files_bmw/BMW_E39_525TDS___351632 org.rar	21625
ecu_files_bmw/BMW_E46_320D_150HP_0281010565_361830.zip	152641
ecu_files_bmw/BMW_E46_320D_2.0D_150HP_0281010565_361858.zip	152697
ecu_files_bmw/BMW_E46_323i_MS42_5WK9037_.rar	21804
ecu_files_bmw/BMW_E46_330D_3.0D_204HP_0281011223_361860bdm.zip	431131
ecu_files_bmw/BMW_E60-E61_520d_0281013251__379332 ori.rar	594065
ecu_files_bmw/BMW_E60-E61_530D__Turbodiesel__169.9KW_Bosch_0281013253__379334_2CF8.rar	387946
ecu_files_bmw/BMW_E87_118d_BOSCH_EDC16C35_0281012880_1037376968.rar	63186
ecu_files_bmw/BMW_E90_318d_0281013502_1037389883.rar	591231
ecu_files_bmw/BMW_E90_320D_163HP_0281012501_379332.zip	666888
ecu_files_bmw/BMW_X3_2.0D_0281014176_1037805349.rar	590257
ecu_files_bmw/BMW_X3_3.0D_0281011121_361876.zip	39055
ecu_files_bmw/BMW_X5_30D_211hp_DDE7_7800131_BOSCH_0281011414.rar	195743
ecu_files_bmw/BMW_X5_35sd_286HP_0281016640_1037500776_UPG.SW_08509191_B9CE.ori.zip	83655
ecu_files_bmw/BMW_X5_SD_0281015128_ 1037390902.rar	476710
ecu_files_bmw/BMW_X6_225KW_HW_07593493_41080.rar	897377
ecu_files_bmw/BMW_X6_225KW_HW_07593493_43518.rar	897310
ecu_files_bmw/BMW_X6_30sd_286PS_241_536.zip	74799
ecu_files_bmw/Bmw 118D edc17 0281013537.777.rar	81508
ecu_files_bmw/Bmw 316i 0261200522_1267357112 (7A06).rar	20842
ecu_files_bmw/Bmw 318i 0261200520-1267356571.rar	21131
ecu_files_bmw/Bmw 318i E36 0261200175-1267356214.rar	20311
ecu_files_bmw/Bmw 318iS 0261200175-1267356346.rar	20364
ecu_files_bmw/Bmw 320D 028 1001 445 - 320D 1999r.rar	85008
ecu_files_bmw/Bmw 320D 136Hp 0281001445_520112402400_7786887.rar	79694
ecu_files_bmw/Bmw 320D_445_863_hh_ori_871.rar	85023
ecu_files_bmw/Bmw 320d MPC_0281010565.rar	407559
ecu_files_bmw/Bmw 320i E30 0261200152-1267355487.rar	14885
ecu_files_bmw/Bmw 325i 2.5i 192HP 0261200173 355705(1).zip	19238
ecu_files_bmw/Bmw 325i 2.5i 192HP 0261200173 355705.zip	19235
ecu_files_bmw/Bmw 325i 2.5i 192HP 0261200173 355794.zip	19237
ecu_files_bmw/Bmw 325i E30 0261200073--355177-355377.zip	9066
ecu_files_bmw/Bmw 525 Tds 0281001117_493.ori.zip	17921
ecu_files_bmw/Bmw 525_TDS_0281001117_357494_.rar	13627
ecu_files_bmw/Bmw 540i 285HP 0261203474 356941.zip	133611
ecu_files_bmw/Bmw 850i 5.0L v12 220Kw 0261200352-1267356566 M1.7 (1D8C).rar	18998
ecu_files_bmw/Bmw E30 318i 5610-157.rar	16726
ecu_files_bmw/Bmw E30 318i 5693-157.rar	16747
ecu_files_bmw/Bmw E30 318i 6165-157.rar	17838
ecu_files_bmw/Bmw E39 530D 184HP 0281001830 359384.zip	104836
ecu_files_bmw/Bmw E39 530D 194HP 0281001830 350667.zip	105364
ecu_files_bmw/Bmw E39 530D 194HP 0281001830 359328.zip	104822
ecu_files_bmw/Bmw E53 X3 2.0D 150HP 0281011564 361894.zip	657596
ecu_files_bmw/Bmw X3 2.0D 150cv EDC16C35 0281013050 1037377736 original bdm.rar	586918
ecu_files_bmw/Bmw X3 30I SIEMENS_MS45_5WK93016.zip	322526
ecu_files_bmw/Bmw525D origineel.rar	21759
ecu_files_bmw/Bmw_316i_0261200522_1267357112_(7A06).rar	20842
ecu_files_bmw/Bmw_318i_0261200950_1267357068_(6303).rar	19253
ecu_files_bmw/Bmw_318is_0261203357_357913.zip	38753
ecu_files_bmw/Bmw_335D_'07_-_0_281_014_206.rar	794529
ecu_files_bmw/Bmw_525_TDS_0281001117_357493_.rar	17339
ecu_files_bmw/Bmw_525_TDS_0281001117_357494_.rar	13627
ecu_files_bmw/Bmw_850i_5.0i_300HP_0261200352_356566.zip	19597
ecu_files_bmw/Bmw_E36_318is_140HP_0261203590_358597_E906.zip	22259
ecu_files_bmw/bm3.8_584.ORI.rar	28050
ecu_files_bmw/bmw e36 318-0261200950 1267357108.rar	19241
ecu_files_bmw/bmw e90 320d edc16c35 0281012754 1037381341.rar	62848
ecu_files_bmw/bmw318is 0261203667.rar	10239
ecu_files_bmw/bmw320D-150HP-0281011122-881-ori.rar	188378
ecu_files_bmw/bmw330d.ori.rar	128821
ecu_files_bmw/bmw_318i_0261203281_1267357927.rar	20438
ecu_files_bmw/bmw_320d_136_hp_0281001445.rar	80061
ecu_files_bmw/bmw_e90_320d_edc16c35_0281012754_1037381341.rar	62848
ecu_files_citroen/CITROEN-ZX-2.0 16V-0261200218-1267357390.zip	21206
ecu_files_citroen/CITROEN-ZX-2.0 16V-0261200218-1267358295.zip	22449
ecu_files_citroen/CITROEN-ZX-2.0 16V-0261200218-2227355803.zip	22474
ecu_files_citroen/CITROEN_Jumpy 20Hdi 5W40378C-T_HW_9655534080_SW_9663862780_SiD803A.rar	516060
ecu_files_citroen/Citroen 1.4HDI 5WS40110C-T HW653447480 SW9648624280.zip	180659
ecu_files_citroen/Citroen Berlingo 2.0HDi 90cv 5WS40136C-T 380 380.zip	141435
ecu_files_citroen/Citroen C2 1.6 VTS 0261208376 369477.zip	251504
ecu_files_citroen/Citroen C4 1.6HDI 110HP 0281011629 376755.zip	42136
ecu_files_citroen/Citroen C4 2.0HDI 9655534080 5WS40277G-T 9660497480.zip	469041
ecu_files_citroen/Citroen C5 2.0 hdi 110cv 0281011340 1037368212.rar	172880
ecu_files_citroen/Citroen C5 2.0HDI 0281011524 369508.zip	215529
ecu_files_citroen/Citroen C5 2.0HDI 110HP 0281010774 353726.zip	203757
ecu_files_citroen/Citroen C5 2.0HDI 110HP 0281011340 368212.zip	211088
ecu_files_citroen/Citroen C5 2.2 HDI 133BHP 0281010764 353785.zip	203208
ecu_files_citroen/Citroen C5 2.2HDI 133HP 0281010371 353456.zip	199193
ecu_files_citroen/Citroen C5 2.2HDI 133HP 0281010764 353785.zip	202729
ecu_files_citroen/Citroen C5_2_9HZ_0281013872.zip	547694
ecu_files_citroen/Citroen C5__B312 9655041480-9656171480.rar	137165
ecu_files_citroen/Citroen C8 0281011032.rar	166608
ecu_files_citroen/Citroen C8 2.2HDI 133HP 0281012141 378622.zip	219368
ecu_files_citroen/Citroen Jumpy_2.0_HDI_2006_0281011343_1037376577_ori.rar	170385
ecu_files_citroen/Citroen Nemo 1.4HDI 1037391713 BDM.zip	572324
ecu_files_citroen/Citroen Nemo 1.4HDI 1037391713.zip	572324
ecu_files_citroen/Citroen Picasso 1.6HDI 90HP 374952.zip	48021
ecu_files_citroen/Citroen Picasso 2.0HDI 90HP 0281010595 353363.zip	199116
ecu_files_citroen/Citroen Picasso 2.0hdi 0281011521 369504.rar	174707
ecu_files_citroen/Citroen Saxo 0261204788_1037356084.rar	33991
ecu_files_citroen/Citroen Saxo 1.6 16v VTS 9642774380 16445034.rar	124318
ecu_files_citroen/Citroen Xanthia 2.0 IAW8P20 162.21.134.zip	32299
ecu_files_citroen/Citroen Xantia 2.0HDI 0281001782 1037359041 9634662880.zip	108198
ecu_files_citroen/Citroen Xantia 2.0L Turbo 0261200809_1037355295 (1).rar	30992
ecu_files_citroen/Citroen Xantia 2.0L Turbo 0261200809_1037355295.rar	30992
ecu_files_citroen/Citroen Xhantia 2.0HDI 109HP 0281010029 359131.zip	118661
ecu_files_citroen/Citroen Xsara 2.0HDI 110HP 0281010550 353310.zip	199189
ecu_files_citroen/Citroen Xsara 2L HDI.rar	158477
ecu_files_citroen/Citroen ZX 1.9 118HP 0261200160 356744.zip	18046
ecu_files_citroen/Citroen berlingo 1.6HDI 90HP 96539589 96618137 377715.zip	70794
ecu_files_citroen/Citroen berlingo 2.0HDI 90HP 5WS40146A-T.zip	147563
ecu_files_citroen/Citroen berlingo 2.0HDI 90HP 5WS40146F-T.zip	143885
ecu_files_citroen/Citroen berlingo 2.0HDI 90HP HW9647423388 5WS40049C-T SW9659517880.zip	129540
ecu_files_citroen/Citroen picasso 1.6HDI 110HP 377720.zip	48524
ecu_files_citroen/Citroen picasso 2.0HDI 90HP 0281011084 364198.zip	206308
ecu_files_citroen/Citroen saxo 1.6 16V 118HP 16225574.zip	35416
ecu_files_citroen/Citroen saxo 1.6 16v 1AP41 464.zip	35405
ecu_files_citroen/Citroen saxo 1.6i VTS 120HP 0261206214 350812.zip	92860
ecu_files_citroen/Citroen xanthia 2.0HDI 0281010251 359146.zip	161654
ecu_files_citroen/Citroen xantia 2.0HDI 0281010164 359089.zip	118640
ecu_files_citroen/Citroen xsara 2.0HDI 110HP 0281010499 353305.zip	199227
ecu_files_citroen/Citroen xsara 2.0HDI 5WS40023D-T.zip	125664
ecu_files_citroen/Citroen xsara 2.0HDI 90HP 0281010996 353949.zip	198918
ecu_files_citroen/Citroen xsara 2.0HDi 90HP 0281010362 353148.zip	161995
ecu_files_citroen/Citroen xsara_14hdi 0281011225 9651398780.rar	35798
ecu_files_citroen/Citroen_AX_GTI_1.4_MP31_0261200203-1267357243.zip	15822
ecu_files_citroen/Citroen_AX_GTI_1.4_MP31_0261200217-1267357551.zip	15947
ecu_files_citroen/Citroen_Berlingo_1.6HDI_90HP_1037393468.zip	68247
ecu_files_citroen/Citroen_Berlingo_2.0HDI_90HP_5WS40108E-T_9651942080_9647423380.zip	147911
ecu_files_citroen/Citroen_C3_1.4HDI_68HP_0281012529_1037386117.ori.zip	51946
ecu_files_citroen/Citroen_C3_1.4HDI_68HP_5WS40285C-T_9660300280_9653451880.zip	201794
ecu_files_citroen/Citroen_C3_1.6HDI_90HP_372289_DPF.zip	45324
ecu_files_citroen/Citroen_C4_1.6HDI_110HP_0281011629_376755.zip	42136
ecu_files_citroen/Citroen_C4_1.6HDI_110HP_1037371536.rar	45049
ecu_files_citroen/Citroen_C4_1.6HDI_8v_90HP_376754.zip	45479
ecu_files_citroen/Citroen_C4_1.6_HDI_FAP_1037380086_9653958980_9662213180.rar	59332
ecu_files_citroen/Citroen_C5_2.0HDI_136HP_5WS40199D-T_9655041480_9656171480.zip	151534
ecu_files_citroen/Citroen_C5_2.0_HDI_110HP_0281010808_368846.rar	166101
ecu_files_citroen/Citroen_C5_2.2HDI_128HP_0281011033_364376.zip	207071
ecu_files_citroen/Citroen_C5_2.2HDI_133HP_0281010641_1037353491.zip	203013
ecu_files_citroen/Citroen_C5_2.2HDI_133HP_0281010764_1037353572.zip	199238
ecu_files_citroen/Citroen_C5_2.2HDI_133HP_0281010886_353785.zip	202737
ecu_files_citroen/Citroen_C8_2.2HDI_133HP_0281011779_1037375143.zip	217233
ecu_files_citroen/Citroen_Jumper_2.8HDI_127HP_0281010932_363533.zip	158073
ecu_files_citroen/Citroen_Nemo_1.4HDI_1037391713.zip	572324
ecu_files_citroen/Citroen_SAXO_vts_120hp_1AP.41_28f512_ori.rar	31934
ecu_files_citroen/Citroen_Xara2_2.0HDI_5WS40023F-T_SW9647166880_HW9644302380.rar	115959
ecu_files_citroen/Citroen_Xsara_2.0HDI_90HP_0281010499_353305.zip	199223
ecu_files_citroen/Citroen_Xsara_2.0HDi_110HP_0281011523-371091.rar	178246
ecu_files_citroen/Citroen_evasion_2.0HDI_110HP_0281010368_1037353574.zip	203571
ecu_files_citroen/Citroen_jumper_2.2HDI_101HP_0281010484_1037363244.zip	157103
ecu_files_citroen/Citroen_picasso_1.6HDI_90HP_0281011802_371537.zip	42144
ecu_files_citroen/Citroen_picasso_2.0HDI_90HP_0281010358_1037353044.zip	199037
ecu_files_citroen/Citroen_picasso_2.0HDI_90HP_0281011084_364198.zip	206308
ecu_files_citroen/Citroen_xantia_2.0HDI_110HP_0281001782_1037359027.zip	108147
ecu_files_citroen/Citroen_xsara_2.0HDI_110HP_0281010962_1037353913.zip	203452
ecu_files_citroen/Citroen_xsara_2.0HDI_90HP_0281010595_353363.zip	199112
ecu_files_citroen/Citroen_xsara_picasso_2.0HDI_90HP_0281010137_1037359162.zip	161694
ecu_files_citroen/Citroen_xsara_picasso_2.0HDI_90HP_0281010750_1037353528.zip	199170
ecu_files_citroen/citroen C2 1.4hdi 5WS40111E-T HW 9648624280 SW 9654925380.rar	164038
ecu_files_citroen/citroen berlingo 1,6L HDI-edc16c34-1037383736-BDM_ori.rar	427918
ecu_files_citroen/citroen berlingo 1,6hdi 66kw 0281010360 1037353311.rar	158590
ecu_files_citroen/citroenC5 0281 010 886-1037 35 3785.rar	166064
ecu_files_opel/OPEL 0281011449-1037379355.rar	177148
ecu_files_opel/OPEL 0281012534-1037377187.rar	213623
ecu_files_opel/OPEL 0281012549-1037379426.rar	224155
ecu_files_opel/OPEL 1.9 CDTI EDC16+ 0281013567-1037380490.zip	488438
ecu_files_opel/OPEL ASTRA 1.9 CDTI 0281013409-1037383690.zip	242054
ecu_files_opel/OPEL ASTRA 1.9 CDTI 0281014025-383480.zip	495469
ecu_files_opel/OPEL ASTRA 1.9 CDTI-0281013409-1037379432.zip	242261
ecu_files_opel/OPEL ASTRA CDTI 1,9-0281012122-1037371870.zip	205396
ecu_files_opel/OPEL ASTRA CDTI 1,9-0281012548-379085.zip	225040
ecu_files_opel/OPEL Sintra 2.2 DTI 0281001637.rar	97263
ecu_files_opel/OPEL Vectra C 1.9CDTI 0281017064 1037505798.rar	449526
ecu_files_opel/OPEL Zafira 0281012549_1037379426.ori.zip	285364
ecu_files_opel/OPEL Zafira 1.6 16V Delco 12242020.rar	120401
ecu_files_opel/OPEL_CORSA_1.2_16v_HW_0261206074_SW_1037360752.rar	207556
ecu_files_opel/OPEL_EDC 16 0281013807_1037380261.rar	208453
ecu_files_opel/Opel 1.7 CDTI 0281011380-1037370433.zip	205362
ecu_files_opel/Opel 1.7 CDTI 0281011380-1037374424.zip	205303
ecu_files_opel/Opel 1.7 CDTI 0281011943-1037371443.rar	186095
ecu_files_opel/Opel 1.7 CDTI 0281011943-1037371443.zip	209126
ecu_files_opel/Opel 1.7 CDTI 0281011943-1037372298.zip	208403
ecu_files_opel/Opel 1.7 CDTI 0281011943-1037374425.zip	208361
ecu_files_opel/Opel 1.7 CDTI 0281011943-1037382477.rar	185691
ecu_files_opel/Opel 1.7 CDTI 0281012694-1037376412.zip	208286
ecu_files_opel/Opel 1.9 CDTI 0281011448-1037370816.zip	216379
ecu_files_opel/Opel 1.9 CDTI 0281011449-1037372385.zip	194841
ecu_files_opel/Opel 1.9 CDTI 0281011449-1037379356.zip	196437
ecu_files_opel/Opel 1.9 CDTI 0281011667-1037379413.zip	205505
ecu_files_opel/Opel 1.9 CDTI 0281011914-1037371351.zip	225613
ecu_files_opel/Opel 1.9 CDTI 0281011914-1037372745.zip	225749
ecu_files_opel/Opel 1.9 CDTI 0281011914-1037379357.zip	203317
ecu_files_opel/Opel 1.9 CDTI 0281011915-1037372742.zip	225078
ecu_files_opel/Opel 1.9 CDTI 0281012122-1037371870.rar	185664
ecu_files_opel/Opel 1.9 CDTI 0281012533-1037379019.zip	227142
ecu_files_opel/Opel 1.9 CDTI 0281012548 379 085.rar	202749
ecu_files_opel/Opel 1.9 CDTI 0281013409-1037379432.rar	211839
ecu_files_opel/Opel 1.9 CDTI 0281013409-1037383690.rar	211781
ecu_files_opel/Opel 1.9 CDTI 0281014025-383480.rar	434850
ecu_files_opel/Opel 1.9 CDTI EDC16+ 0281013567-1037380490.rar	425299
ecu_files_opel/Opel 1.9 CDTi 120 bhp 0281014025 - 383480.rar	498932
ecu_files_opel/Opel 1.9 CDTi 150bhp - 0281014451 - 1037387386.zip	500469
ecu_files_opel/Opel 1.9CDTI 0281011667 379413.zip	205505
ecu_files_opel/Opel 1.9CDTI 0281011914 372745.zip	225749
ecu_files_opel/Opel 1.9CDTI 0281011914 379357.zip	203317
ecu_files_opel/Opel 1.9CDTI 0281012533 379019.zip	227142
ecu_files_opel/Opel 1.9CDTI 0281012548 378432.zip	225017
ecu_files_opel/Opel 1.9CDTI 120HP 0281011915 372742.zip	225078
ecu_files_opel/Opel 1.9CDTI 120ps EDC16 0281011915 1037384325.rar	34063
ecu_files_opel/Opel 1.9CDTI 150HP 0281011915 379081.zip	204880
ecu_files_opel/Opel ASTRA_GSI16V_BOSCH_0261203017.org.rar	29369
ecu_files_opel/Opel Astra 0281001050 4227.rar	98602
ecu_files_opel/Opel Astra 1.7CDTI 0281012694 376412.zip	208286
ecu_files_opel/Opel Astra 1.7CDTI 0281014643 1037390517.rar	182163
ecu_files_opel/Opel Astra 1.9 CDTI 150hp EDC16+ 0281012867 - 380280.rar	417948
ecu_files_opel/Opel Astra 2.0 16v (C20XE) 0261203017 357369.zip	29528
ecu_files_opel/Opel Astra 2.0L OPC 1037382345.rar	277811
ecu_files_opel/Opel Astra 2.0TDI GM09180353 0281001971.rar	487005
ecu_files_opel/Opel Astra EDC16 0281014025 383480.rar	434198
ecu_files_opel/Opel Astra F 1,4 16V 90Hp Delco BWJR.rar	35822
ecu_files_opel/Opel Astra G 1.7DTI 75HP DLNB DelcoY17DTI_DLNB_ori.rar	90567
ecu_files_opel/Opel Astra H 1.9 CDTI 0281012549-1037379426.rar	224155
ecu_files_opel/Opel Astra x16xel 16214259 CMXD.rar	36024
ecu_files_opel/Opel Astra-G 1.6 16V 75HP 16227049 D98003 CNHR.zip	70878
ecu_files_opel/Opel Astra_Z16XER_CAO75830.rar	194833
ecu_files_opel/Opel Calibra 2.0 16V Turbo 0261203585 1267358660 CS 0BB4.rar	19760
ecu_files_opel/Opel Calibra_2.0_16V_Turbo_0261203585_1267358660_CS_0BB4.rar	19760
ecu_files_opel/Opel Corsa C 1.3CDTI 70HP 01246JO01D 1414X188.zip	184007
ecu_files_opel/Opel Corsa_C_1.2_12V_0261206074_354970_Z12XE_09115112.rar	208797
ecu_files_opel/Opel Corsa_C_1.7_DI_65_CV_(Delco_3)_.rar	90520
ecu_files_opel/Opel Cosa_D_0261208940_1037381910_ori_Bosch_ME_7.6.2_.zip	355618
ecu_files_opel/Opel FRONTERA_22DTH_0281001793_B58530_256K_ORIG.rar	88897
ecu_files_opel/Opel Frontera 2.2DTI_0281010023 VU2M2S30.zip	99632
ecu_files_opel/Opel Frontera 22 DTI 0281010023 orginal.zip	103114
ecu_files_opel/Opel Kadett 2.0_0261200185_1267355632.rar	15925
ecu_files_opel/Opel Meriva 1.9 16v cdti 120cv uce 549 soft 267.rar	35473
ecu_files_opel/Opel Monvano 2.5DCI 0281011432 368929.zip	178390
ecu_files_opel/Opel Omega 0281001427 1037355972 793.rar	36662
ecu_files_opel/Opel Omega 2.5 dt 0281001214.zip	36831
ecu_files_opel/Opel Omega 20 DTI 101 Hp 0281001636.rar	88159
ecu_files_opel/Opel Signum 1_9 1h915.zip	205194
ecu_files_opel/Opel Tigra 1.4 16214239 CDJB.rar	35563
ecu_files_opel/Opel Tigra 1.4 DELCO SJ16214239 BWJN.rar	35740
ecu_files_opel/Opel VX220 2.2 Z22SE 12202073 BZ.rar	160322
ecu_files_opel/Opel Vectra 1,9cdti 100hp 0281012868 1037A50317P485_O27.rar	510838
ecu_files_opel/Opel Vectra 1.9CDTI 150HP 0281011448 370816.zip	216379
ecu_files_opel/Opel Vectra 1.9CDTI 150HP 0281013408 379428.zip	227132
ecu_files_opel/Opel Vectra 1816Sim70.rar	59813
ecu_files_opel/Opel Vectra 2.0DTI 100HP 0281001634 256491.zip	97813
ecu_files_opel/Opel Vectra B, 2.5L, 0261204499 GM90596354.rar	50542
ecu_files_opel/Opel Vectra1,9 cdti 0281012868-1037A50317 ori.rar	39058
ecu_files_opel/Opel Vectra_1.9CDTI_120PS_0281014450_1037390674P48_ORI.zip	38285
ecu_files_opel/Opel Vectra_CDTI_120PS 0281013409_1037A50286_.zip	32996
ecu_files_opel/Opel Vivaro 2.5 CDTI 2006 - 370878.zip	173342
ecu_files_opel/Opel Vivaro 2.5CDTI 145HP 386228.zip	60227
ecu_files_opel/Opel Zafira 1,9 cdti 0281014024-1037383479 ori.rar	38676
ecu_files_opel/Opel Zafira 1.9 Cdti 1037377267 0281012549.rar	224369
ecu_files_opel/Opel Zafira 1.9CDTI 120HP 0281012549 1037A50292.zip	257287
ecu_files_opel/Opel Zafira 2,0 dti 82hp 0281001751 cks F31A ori.rar	88371
ecu_files_opel/Opel astra 1.7CDTI 80HP 0281011380 370433.zip	205362
ecu_files_opel/Opel astra 1.7CDTI 80HP 0281011380 374424.zip	205303
ecu_files_opel/Opel astra 1.7CDTI 80HP 0281011943 371443.zip	209126
ecu_files_opel/Opel astra 1.7CDTI 80HP 0281011943 372298.zip	208403
ecu_files_opel/Opel astra 1.7CDTI 90HP 0281010859 367182.zip	144052
ecu_files_opel/Opel astra 1.7DTI 75HP DHCR - delco.zip	86097
ecu_files_opel/Opel astra 1.7DTI 75HP DMRW Delco.zip	98930
ecu_files_opel/Opel astra 1.9 CDTI 150HP 0281011667 371868.zip	205488
ecu_files_opel/Opel astra 17dti_75ch_delco_lvp3.zip	79942
ecu_files_opel/Opel astra 2.0 16V 0261200487 356590.zip	17342
ecu_files_opel/Opel astra 2.0 16V GSi 0261200487 357099.zip	17378
ecu_files_opel/Opel astra 2.0DTI 0281010267 B585300016ABB.zip	104117
ecu_files_opel/Opel astra 2.0DTI 100HP 0281001869 vtomw060.zip	86705
ecu_files_opel/Opel astra H 1.9CDTI 120HP 0281014025 383480.zip	495686
ecu_files_opel/Opel astra coupe 2.0T 193HP 0261206332 360526.zip	233576
ecu_files_opel/Opel astra_670.rar	96845
ecu_files_opel/Opel astra_x16xel_16214259 JUBXAW D96019X16XEL -ORG.rar	36105
ecu_files_opel/Opel calibra 2.0T 204HP 0261203014 357220.zip	19151
ecu_files_opel/Opel calibra 2.5 V6 170HP 0261203080 358003.zip	61780
ecu_files_opel/Opel combo 1.7CDTI 100HP Z17DTH.zip	232658
ecu_files_opel/Opel corsa 1.0 12V 0261204058 (EAE6).zip	66247
ecu_files_opel/Opel corsa 1.3CDTI 01246JO01D 1320X375.zip	22751
ecu_files_opel/Opel corsa 1.4 16v 16214239 JS D96017 BWJN.zip	73351
ecu_files_opel/Opel frontera 2.2DTI 0281001793 359238.zip	98158
ecu_files_opel/Opel frontera 2.2DTI 0281010026.zip	99515
ecu_files_opel/Opel frontera 2.2DTI 0281010448 24417200.zip	99591
ecu_files_opel/Opel kadet 2.0 0261200186 356500.zip	17328
ecu_files_opel/Opel kadet 2.0 0261200372 356158.zip	17625
ecu_files_opel/Opel kadet 2.0 16V 0261200185 355631.zip	16466
ecu_files_opel/Opel kadett 2.0 16V 0261200185 355474.zip	16449
ecu_files_opel/Opel kadett 2.0 16V 0261200185 356397.zip	16439
ecu_files_opel/Opel kadett GSI 2.0 16V 0261200185 356242.zip	16369
ecu_files_opel/Opel omega 2.5TD 115HP 0281001215 2287358809.zip	18538
ecu_files_opel/Opel omega 2.5TD 130HP 0281001427 355007.zip	20584
ecu_files_opel/Opel omega 3.0 V6 205HP 0261203589 358933.zip	40433
ecu_files_opel/Opel omega_2.5TD_115HP_0281001215_2287358809.zip	18538
ecu_files_opel/Opel omega_2.5TD_130HP_0281001427_355007.zip	20584
ecu_files_opel/Opel sintra 2.2DTI 0281001637.zip	97602
ecu_files_opel/Opel vectra 1.9CDTI 120HP 0281011449 379356.zip	196437
ecu_files_opel/Opel vectra 1.9CDTI 150HP 0281011448 372750.zip	196469
ecu_files_opel/Opel vectra 1.9CDTI 150HP 0281011449 372385.zip	194841
ecu_files_opel/Opel vectra 2.0DTI 0281001633 356489.zip	94444
ecu_files_opel/Opel vectra 2.0DTI 0281001873.zip	102123
ecu_files_opel/Opel vectra 2.0DTI 0281010269.zip	100395
ecu_files_opel/Opel vectra 2.0DTI 100HP 0281001632 001632.zip	97784
ecu_files_opel/Opel vectra 2.0DTI 100HP 0281001871 CT 09136116.zip	98971
ecu_files_opel/Opel vectra 2.2DTI 0281010271.zip	100081
ecu_files_opel/Opel vectra B 2.0 16V 136HP 5WK9073 X20XEV.zip	41813
ecu_files_opel/Opel vectra delco 1.6 16v 16202319 NL.rar	224766
ecu_files_opel/Opel vivaro 2.0CDTI 114HP 386540.zip	650714
ecu_files_opel/Opel zafira 1.9CDTI 120HP 0281014452 387387.zip	34927
ecu_files_opel/Opel zafira 1.9CDTI 150HP 0281014452 389374.zip	523463
ecu_files_opel/Opel zafira 2.0DTI 0281010021 VM0M1010.zip	99086
ecu_files_opel/Opel zafira 2.0DTI 0281010268.zip	100514
ecu_files_opel/Opel_1.9CDTI_150HP_0281013567_380490.zip	488426
ecu_files_opel/Opel_Astra_D1700_R4V2T_55kW_0113386350_97240621_DLCC_9391249_crcAF2F28F6.zip	98900
ecu_files_opel/Opel_Astra_D1700_R4V4T_55kW_0113386350_97227225_DLNB_0939429_crcA432D8C9.zip	99195
ecu_files_opel/Opel_Astra_H_1.9CDTI_120HP_8V_0281012548_378432.zip	225087
ecu_files_opel/Opel_Astra_H_1.9CDTI_120HP_8V_0281012548_378432_full_bdm.zip	466488
ecu_files_opel/Opel_Frontera_D2200_R4V2T_85kW_0281010025_09173933_VU2M2W30_xxx_crc52CD7F87.zip	99560
ecu_files_opel/Opel_Insignia_2.0-0281015149-1037A50599.Org.rar	70835
ecu_files_opel/Opel_Omega__2.5L__GM90492382_0261203588.rar	38796
ecu_files_opel/Opel_Vectra_2.2DTI_125HP_0281010271_HJ9MS400_S_B01018Y22DTR.zip	100177
ecu_files_opel/Opel_Vectra_B_1.8i_115HP_5WK9073_GM90506365.zip	41854
ecu_files_opel/Opel_Vivaro_1.9_CDTI_0281011530_1037369910_ori.rar	154260
ecu_files_opel/Opel_Zafira_B2000_R4V4T_141kW_0261207448_xxx_xxx_1037362726_crcE45766C9.zip	233736
ecu_files_opel/Opel_Zafira_R4V2_D2000_59kW_0281010268_96171442_HM7M4010_xxx_crc14d4a7c5.zip	100544
ecu_files_opel/Opel_Zafira_R4V2_D2000_59kW_0281010268_96171442_KM7M3020_xxx_crc8dbf7fef.zip	100601
ecu_files_opel/Opel_astra_1.7CDTI_0281011943_382477.zip	208383
ecu_files_opel/Opel_astra_1.7DTI_75HP_DCWB_Delco.zip	86314
ecu_files_opel/Opel_astra_1.7DTI_75HP_DYRX_Delco.zip	99102
ecu_files_opel/Opel_astra_1.9CDTI_120HP_0281012122_371870.zip	205444
ecu_files_opel/Opel_astra_1.9_CDTI_150HP_0281012867_380280.zip	473284
ecu_files_opel/Opel_astra_2.0DTI_100HP_0281001874.zip	97268
ecu_files_opel/Opel_astra_2.0T_193HP_0261206332_354961.zip	233341
ecu_files_opel/Opel_astra_G_1.7CDTI_80HP_0281010859_367182.zip	143938
ecu_files_opel/Opel_astra_H_1.7CDTI_80HP_0281011943_372298.zip	208541
ecu_files_opel/Opel_astra_H_1.9CDTI_120HP_0281012123_372342.zip	205517
ecu_files_opel/Opel_astra_H_1.9CDTI_120HP_0281012549_379426.zip	269805
ecu_files_opel/Opel_astra_H_1.9CDTI_150HP_0281011668_1037372341.zip	205605
ecu_files_opel/Opel_corsa_1.2i_16V_0261207960_363893.zip	235898
ecu_files_opel/Opel_corsa_1.2i_75HP_0261207962_370316.zip	237332
ecu_files_opel/Opel_kadet_1.6i_GSI_16V_0261200185_1267356242.zip	16413
ecu_files_opel/Opel_omega_2.2DTI_0281010274.zip	100237
ecu_files_opel/Opel_omega_2.5TD_115HP_0281001215_2287358809.zip	18538
ecu_files_opel/Opel_signum_1.9CDTI_150HP_0281011449_1037370821.zip	215244
ecu_files_opel/Opel_vectra_1.9CDTI_0281012534_383687.zip	242098
ecu_files_opel/Opel_vectra_1.9CDTI_120HP_0281012534_377187.zip	242092
ecu_files_opel/Opel_vectra_1.9CDTI_150HP_0281012869_384337_BDM.zip	496271
ecu_files_opel/Opel_vectra_2.0DTI_100HP_0281010269.zip	100442
ecu_files_opel/Opel_zafira_1.9CDTI_150HP_0281012548_379085.zip	225052
ecu_files_opel/Vauxhall_-Opel_Astra_G_1.7dti_97240621_EADLNF.zip	99065
ecu_files_opel/Vectra B 1.8 2000reg90569370.zip	65153
ecu_files_opel/Vectra B 2.0 Di 16v 82bhp 0281001631.rar	180507
ecu_files_opel/Vectra C 1.9CDTi 0281013408_1037379428_flash.rar	204010
ecu_files_opel/opel Calibra_C20XE_GQ_0261200475_356336.rar	15801
ecu_files_opel/opel corsa c 1.3cdti 70ps.rar	21574
ecu_files_opel/opel corsa_bwld.rar	23350
ecu_files_opel/opel vectra 1.9cdti 0281017064 1037505798.rar	449526
ecu_files_opel/opel_astra_cdti_17_0281011943_1037374425_100.zip	208363
ecu_files_opel/opelcorsa1.3cdti.rar	21200
ecu_files_opel/opelfrontera0281010448.zip	99723
ecu_files_peugeot/PEUGEOT 407 2.0HDI 136hp FAP - SID803 5WS40167F-Tbdm.rar	346635
ecu_files_peugeot/PEUGEOT 5WS40262B-T HW 9655534080 SW 9660780880 SID803A.zip	467299
ecu_files_peugeot/PEUGEOT 5WS40612B-T HW 9661642180 SW 9664626680 SID803A.zip	516097
ecu_files_peugeot/PEUGEOT_206CC_2000i_16V_48P23T_9645214980.rar	125777
ecu_files_peugeot/PEUGEOT_207_B1600_R4V4T_110kw_xxx_xxx_392034_crc655D7935.zip	50928
ecu_files_peugeot/Partner_1.6_HDI_1037377715_P980_715.DRV.rar	58501
ecu_files_peugeot/Pegeot 407 1.6HDI 0281011588 374181.zip	203017
ecu_files_peugeot/Peugeot 106 1.4 0261200203 356717.zip	15103
ecu_files_peugeot/Peugeot 106 1.4XSI 0261200203 357243.zip	15791
ecu_files_peugeot/Peugeot 2.0 HDI 0281010842 353821.zip	203754
ecu_files_peugeot/Peugeot 2.0 hdi 0281011480.rar	172164
ecu_files_peugeot/Peugeot 2.0HDI_110_0281011080-1037_36_4200.zip	207740
ecu_files_peugeot/Peugeot 2.0L HDi 0281010362 1037353148.rar	130895
ecu_files_peugeot/Peugeot 205 1.9 GTI 130HP 0261200162 356149.zip	18068
ecu_files_peugeot/Peugeot 206 1.4HDI 68HP_0281011707_366512.zip	25935
ecu_files_peugeot/Peugeot 206 1.4HDI 69HP 0080B680 374477.zip	46014
ecu_files_peugeot/Peugeot 206 1.4HDI 69HP 0281010707 363160.zip	70750
ecu_files_peugeot/Peugeot 206 1.4i 1AP-81.zip	35586
ecu_files_peugeot/Peugeot 206 1.6HDI 1037371082_9653958980 - 9656162180.rar	50596
ecu_files_peugeot/Peugeot 206 1.6i 0261208101 366631.zip	28051
ecu_files_peugeot/Peugeot 206 1.6i 98HP 0261206942 364124.zip	28060
ecu_files_peugeot/Peugeot 206 14HDi 1037368866.zip	104971
ecu_files_peugeot/Peugeot 206 1L6 0261206216 1037359149.rar	86426
ecu_files_peugeot/Peugeot 206 2.0 HDI 0281 010 250_1037 35 9136.rar	132201
ecu_files_peugeot/Peugeot 206 2.0HDI 90HP 0281010250 359136.rar	132217
ecu_files_peugeot/Peugeot 206 2.0HDI 90HP 0281010250 359136.zip	161453
ecu_files_peugeot/Peugeot 206 2.0HDI 90HP 0281010250 359222.zip	162054
ecu_files_peugeot/Peugeot 206 2.0HDI 90HP 0281010500 353319.zip	198745
ecu_files_peugeot/Peugeot 206 2.0HDI 90HP 0281010592 353483.zip	202274
ecu_files_peugeot/Peugeot 206 2.0HDI 90HP 0281010594 353648.zip	203391
ecu_files_peugeot/Peugeot 206 2.0HDI 90HP 0281010594 364196.zip	206047
ecu_files_peugeot/Peugeot 206 2.0HDI 90HP 0281010767 353735.zip	198879
ecu_files_peugeot/Peugeot 206 2.0HDI 90HP 0281011188 364378.zip	206002
ecu_files_peugeot/Peugeot 206 2.0HDI 90HP 0281011525 370889.rar	177409
ecu_files_peugeot/Peugeot 206 2.0HDI 90HP 0281011525 374499.zip	217300
ecu_files_peugeot/Peugeot 206 2000 hdi 90 cv 028101050010 1037353319B0.rar	158788
ecu_files_peugeot/Peugeot 206 2000 hdi 90 cv 028101059410 1037353648B0.rar	166991
ecu_files_peugeot/Peugeot 206 GTI 2001 9638783480 9644219480.zip	26503
ecu_files_peugeot/Peugeot 207 1,6 HDI 90hp 0281013868.rar	541933
ecu_files_peugeot/Peugeot 207 1.4 HDI 1037381875 EDC16C34.rar	50992
ecu_files_peugeot/Peugeot 207 1.4 HDI FAP 1037379398.rar	46581
ecu_files_peugeot/Peugeot 207 1.4HDI 68HP SW381875.zip	49612
ecu_files_peugeot/Peugeot 207 1.4HDI 8HZ 0281012536 374472.rar	79350
ecu_files_peugeot/Peugeot 207 1.6 hdi 90 hp .BOSCH EDC16C34 1037379395.rar	46873
ecu_files_peugeot/Peugeot 3008 1.6HDI 110Hp 1037386171.zip	64993
ecu_files_peugeot/Peugeot 306 0261204495 356916.zip	92276
ecu_files_peugeot/Peugeot 306 1.6 16v 0261204062 355982.zip	22622
ecu_files_peugeot/Peugeot 306 2.0HDI 0281001976 1037359080.zip	118601
ecu_files_peugeot/Peugeot 306 2.0HDI 90HP 0281010592 353483.zip	202274
ecu_files_peugeot/Peugeot 306_HDI_0281010163_1037359088_B075WFS.zip	118810
ecu_files_peugeot/Peugeot 307 1.6 16V 0261206943 1037364152.rar	211457
ecu_files_peugeot/Peugeot 307 1.6 80kw Bosch ME7.4.4 0261206943 1037353688.rar	209285
ecu_files_peugeot/Peugeot 307 1.6HDI 0281011627_369860 .rar	372068
ecu_files_peugeot/Peugeot 307 1.6HDI 110HP 0281012465 375963.zip	45664
ecu_files_peugeot/Peugeot 307 1.6HDI 90HP 1037375526.zip	455234
ecu_files_peugeot/Peugeot 307 1.6HDI 90HP 380727.zip	49096
ecu_files_peugeot/Peugeot 307 2.0HDI 110HP 0281010779 353725.zip	203740
ecu_files_peugeot/Peugeot 307 2.0HDI 110HP 0281010935 364448.zip	204062
ecu_files_peugeot/Peugeot 307 2.0HDI 110HP 0281011081 364193(1).zip	207625
ecu_files_peugeot/Peugeot 307 2.0HDI 110HP 0281011081 364193(2).zip	207625
ecu_files_peugeot/Peugeot 307 2.0HDI 110HP 0281011081 364193.zip	207625
ecu_files_peugeot/Peugeot 307 2.0HDI 136HP EDC16C34 375526.zip	455210
ecu_files_peugeot/Peugeot 307 2.0HDI 28692197 0281011081 364193.rar	26221
ecu_files_peugeot/Peugeot 307 2.0HDI 90HP 0281010163 359088.zip	118715
ecu_files_peugeot/Peugeot 307 2.0HDI 90HP 0281010249 359145.zip	161391
ecu_files_peugeot/Peugeot 307 2.0HDI 90HP 0281010935 364309.zip	203994
ecu_files_peugeot/Peugeot 307 2.0HDI 90HP 0281011341 371045.zip	216782
ecu_files_peugeot/Peugeot 307 2.0HDI 90HP 5WS40020G-T.zip	122700
ecu_files_peugeot/Peugeot 307 2.0HDI 90HP 5WS40020GT.zip	122306
ecu_files_peugeot/Peugeot 307 2.0HDI 90HP 9653205380 5WS40145A-T.zip	142299
ecu_files_peugeot/Peugeot 307 2.0HDI 90HP Siemens 5WS40045B-T.zip	124895
ecu_files_peugeot/Peugeot 307 2.0HDI-5WS40025D-T.zip	126786
ecu_files_peugeot/Peugeot 307 5WS40133C-T SIEMENS ORIGINAL.rar	134245
ecu_files_peugeot/Peugeot 307 5ws40029O-T_SID803_HW9655041480_BDM.zip	1274328
ecu_files_peugeot/Peugeot 307 HDI90CV 5WS40020-GT.rar	112589
ecu_files_peugeot/Peugeot 307 hdi 90PS Siemens 5WS40020G-T.rar	108245
ecu_files_peugeot/Peugeot 307-001S.5WS40020H.rar	112310
ecu_files_peugeot/Peugeot 307_2.0_HDi_RHS_110bhp_0281010779_1037353725_b075wf2.zip	203984
ecu_files_peugeot/Peugeot 308 1.6HDI 1037393476 .zip	61757
ecu_files_peugeot/Peugeot 308_ 0 281 011 634.zip	473960
ecu_files_peugeot/Peugeot 4007 2.2HDI 9665467299 1037391725.rar	73698
ecu_files_peugeot/Peugeot 405 1.9 110HP 0261200162 355643.zip	15720
ecu_files_peugeot/Peugeot 405 1.9L SRi 0261200213.zip	14984
ecu_files_peugeot/Peugeot 405 MI16 0261200119.rar	12625
ecu_files_peugeot/Peugeot 406 1800 16V 0261204063 2227355983.rar	26943
ecu_files_peugeot/Peugeot 406 2.0HDI 90HP 0281010165 359120.zip	118433
ecu_files_peugeot/Peugeot 406 2.0HDI 90HP 0281010248 353494.zip	162303
ecu_files_peugeot/Peugeot 406 2.0HDI 90HP 0281010248 359169.zip	161645
ecu_files_peugeot/Peugeot 406 2.0HDI_90HP_5WS40024F-T_9646801180_9644302380.rar	115976
ecu_files_peugeot/Peugeot 406 2.0HdI 110HP 0281010363 353049.zip	198049
ecu_files_peugeot/Peugeot 406 2.2HDI 0281010876-1037353775 .ori.rar	166255
ecu_files_peugeot/Peugeot 406 2.2HDI 133HP 0281010370 353454.zip	199198
ecu_files_peugeot/Peugeot 406 2.2HDI 133HP 0281010772 353776.zip	203078
ecu_files_peugeot/Peugeot 406 2.2HDI 133HP 0281011446 368979.zip	215681
ecu_files_peugeot/Peugeot 406 22hdi16v 0281010370_1037353306.rar	160368
ecu_files_peugeot/Peugeot 406 HDI 0281010370_1037353966.rar	166117
ecu_files_peugeot/Peugeot 406_hdi(110cv)_0281010627 1037353401original.rar	166095
ecu_files_peugeot/Peugeot 406_hdi_90_sid801 9647423380 9650517780.rar	118826
ecu_files_peugeot/Peugeot 407 1.6 HDI 0281011558 371807.zip	189074
ecu_files_peugeot/Peugeot 407 1.6HDI 110HP 1037377754.zip	60735
ecu_files_peugeot/Peugeot 407 1.6HDI 381872.zip	61603
ecu_files_peugeot/Peugeot 407 2.0HDI 136HP 5WS40204ET 9655041480 9658345280.zip	151461
ecu_files_peugeot/Peugeot 407 2.0HDI 5WS40167G-T SID 803 Mpc555.zip	151715
ecu_files_peugeot/Peugeot 407 2.0HDI 5WS40167H-T SID 803 Mpc555.rar	136424
ecu_files_peugeot/Peugeot 407 2.0HDI 5WS40167H-T SID 803 Mpc555.zip	150532
ecu_files_peugeot/Peugeot 407 2.2 HDI 125kW 1037381857 fap.rar	75196
ecu_files_peugeot/Peugeot 407 2_0HDi Ori SID803A 9655534080 9660781080.rar	375840
ecu_files_peugeot/Peugeot 407-110HP.rar	58373
ecu_files_peugeot/Peugeot 407_5ws40204d-t_sid803_sw9656814880_hw9655041480_mpc555.rar	137201
ecu_files_peugeot/Peugeot 607 2,2HDI 0281010880-37364125-37353779.rar	167366
ecu_files_peugeot/Peugeot 607 2.0 HDI 100KW 5WS40264D-T flash.rar	378067
ecu_files_peugeot/Peugeot 607 2.0HDI 136HP 5WS40262B-T 9655534080 9660780880 SID803A.zip	467267
ecu_files_peugeot/Peugeot 607 2.2HDI 0281010262 353843.rar	167228
ecu_files_peugeot/Peugeot 607 2.2HDI 133HP 0281010567 353453.zip	199136
ecu_files_peugeot/Peugeot 607 2.2HDI 136HP 0281010765 1037353571.zip	199300
ecu_files_peugeot/Peugeot 607 2200 133cv fap16v hdi.rar	167228
ecu_files_peugeot/Peugeot 607 27 HDi 150Kw Siemens_5WS-201_5WS40379_-_9648237680_9658198080.rar	236453
ecu_files_peugeot/Peugeot 806 2.0HDI 110HP 028101013 359165.zip	161123
ecu_files_peugeot/Peugeot 807 2.2HDI 128HP 0281011363 368404.zip	211030
ecu_files_peugeot/Peugeot 807 hdi 2[1].2l 130CV 0281 011 522_368 845.rar	171831
ecu_files_peugeot/Peugeot Partner 1.6 HDI 90HP 1037393487.zip	66438
ecu_files_peugeot/Peugeot Partner 1.6HDI 90HP 393487.zip	66428
ecu_files_peugeot/Peugeot partner 1037383736.zip	73521
ecu_files_peugeot/Peugeot partner 2.0HDI 90HP 0281010360 353444.zip	199089
ecu_files_peugeot/Peugeot partner_1600hdi_sw1037386166.rar	66018
ecu_files_peugeot/Peugeot-307-2.0HDI-90HP-0281010935-364448.rar	166735
ecu_files_peugeot/Peugeot_205_19_8v_GTI__-_0261200162.zip	18057
ecu_files_peugeot/Peugeot_206_1.4HDI_68HP_0281010707_363558.zip	21959
ecu_files_peugeot/Peugeot_206_1.4HDI_68HP_0281011707_366512.zip	25935
ecu_files_peugeot/Peugeot_206_1.4HDI_90HP_0281011784_371040.zip	32721
ecu_files_peugeot/Peugeot_206_1.6HDI_110HP_375528.zip	46380
ecu_files_peugeot/Peugeot_206_1.6i_0261206942_353507.zip	27047
ecu_files_peugeot/Peugeot_206_2.0HDI_90HP_0281001866_359055.zip	118600
ecu_files_peugeot/Peugeot_206_2.0HDI_90HP_0281011525_368453.zip	212973
ecu_files_peugeot/Peugeot_207_1.4HDI_90HP_381875.zip	49634
ecu_files_peugeot/Peugeot_207_1.6HDI_110HP_1037379394.zip	48461
ecu_files_peugeot/Peugeot_207_1.6HDI_110HP_1037386112.zip	61353
ecu_files_peugeot/Peugeot_207_RC_1.6_THP_175HP_602_386427.zip	47319
ecu_files_peugeot/Peugeot_207_THP_1.6_150HP_1037394738.zip	51104
ecu_files_peugeot/Peugeot_306_2.0HDI_90HP_0281010162_359087.zip	118747
ecu_files_peugeot/Peugeot_307_1.4HDI_90HP_0281011390_1037363557.zip	21972
ecu_files_peugeot/Peugeot_307_1.6HDI_110HP_1037381884.zip	48102
ecu_files_peugeot/Peugeot_307_1.6HDI_110HP_386115.zip	48166
ecu_files_peugeot/Peugeot_307_2.0HDI_110HP_0281014019_386313.zip	218941
ecu_files_peugeot/Peugeot_307_2.0HDI_90HP_0281010252_359183.zip	160976
ecu_files_peugeot/Peugeot_307_2.0HDI_90HP_0281012140_374400.zip	218550
ecu_files_peugeot/Peugeot_307_2.0HDI_90HP_Siemens_5WS40045B-T.zip	124895
ecu_files_peugeot/Peugeot_307_2.0_HDI_110HP_028101124810_369509.zip	216226
ecu_files_peugeot/Peugeot_307_2.0_HDI_90HP_5WS40020G-T_9644895180_9641849280.rar	108158
ecu_files_peugeot/Peugeot_405_B1900_R4V4_108kW_0261200161_96027111_1267356020_crc506232A8.zip	17903
ecu_files_peugeot/Peugeot_405_Mi16_19_16V_148bhp_0261200161.zip	15995
ecu_files_peugeot/Peugeot_405_Mi16_19_16V__160bhp_0261200139.zip	13011
ecu_files_peugeot/Peugeot_406HDI_110HP_0281011520_369507.zip	215973
ecu_files_peugeot/Peugeot_406_2.0HDI_0281010033_359065.zip	118608
ecu_files_peugeot/Peugeot_406_2.0HDI_110HP_0281001977_359082.zip	118567
ecu_files_peugeot/Peugeot_406_2.0HDI_110HP_0281010775_1037353610.zip	204857
ecu_files_peugeot/Peugeot_406_2.0HDI_110HP_0281011338_1037364408.zip	211184
ecu_files_peugeot/Peugeot_406_2.0HDI_90HP_0281001978_359083.zip	118396
ecu_files_peugeot/Peugeot_406_2.0HDI_90HP_0281010361_353047.zip	197644
ecu_files_peugeot/Peugeot_406_2.0HDI_90HP_5WS40037D-T.zip	129602
ecu_files_peugeot/Peugeot_406_2.0_HDI_110PS_0281001782_1037359041.rar	106437
ecu_files_peugeot/Peugeot_406_2.2HDI_133HP_0281010772_353609.zip	204265
ecu_files_peugeot/Peugeot_406_2.2HDI_136HP_0281010597_1037353968.zip	203360
ecu_files_peugeot/Peugeot_406_2.2HDI_136HP_0281010773_353575.zip	204367
ecu_files_peugeot/Peugeot_406_2.2HDI_136HP_02810187710_353776.zip	202766
ecu_files_peugeot/Peugeot_406_B3000_V6V4_140kW_0261204234_9622552780_1037356462_crcDE2363F5.zip	58180
ecu_files_peugeot/Peugeot_407_2.0HDI_136HP_5WS40196E-T_9656413080_965504148.zip	150166
ecu_files_peugeot/Peugeot_407_2.2HDI_170HP_386058.zip	411600
ecu_files_peugeot/Peugeot_607_2.2HDI_136HP_0281010765_353778.zip	202780
ecu_files_peugeot/Peugeot_807_D2200_R4V4T_98kW_0281011363_B075WF2S010287_NZGG38H2_1037368404_crcC4F58194.zip	211118
ecu_files_peugeot/Peugeot_boxer_2.2HDI_101HP_0281010484_1037369278.zip	157069
ecu_files_peugeot/Peugeot_expert_2.0HDI_110HP_0281010359_353497.zip	161791
ecu_files_peugeot/Peugeot_partner_2.0HDI_90HP_5WS40036D-T_9649063480_9644302380.zip	124466
ecu_files_peugeot/Peugeot_partner_2.0HDI_90HP_5ws40155c-t_9653577680_9647423380.zip	124462
ecu_files_peugeot/pegout 407 1.6 HDI 0281011634 375532.rar	53832
ecu_files_peugeot/peugeot 406 2.0hdi 90HP siemens 9644302380 9646801180.rar	110582
ecu_files_peugeot/peugeot 807 2.2 hdi 170cv 1037391764.rar	78360
ecu_files_peugeot/peugeot-306-2.0hdi90-0281010249-359145.zip	161427
ecu_files_peugeot/peugeot_206_1.4HDI_68HP_0281011089_368200.zip	26987
ecu_files_peugeot/peugeot_306_2.0_hdi_90.0_0281001976_359058.zip	118709
ecu_files_peugeot/peugeot_306_2.0_hdi_90.0_0281010162_359087.zip	118817
ecu_files_peugeot/peugeot_306_2.0_hdi_90.0_0281010249_359145.zip	161661
ecu_files_peugeot/peugeot_306_2.0_hdi_90.0_0281010362_353148.zip	162245
ecu_files_peugeot/peugeot_306_2.0_hdi_90.0_0281010500_353319.zip	199048
ecu_files_peugeot/peugeot_306_2.0_hdi_90.0_0281010592_353483.zip	202576
ecu_files_seat/03G 906 021 SH - 0281 014 581 - Seat Leon 2008 EDC16.rar	48495
ecu_files_seat/SEAT IBIZA 1.9TDI 105HP 03G906013K 1037395434.ori.rar	60393
ecu_files_seat/SEAT IBIZA FR, 2004 , 130, 0 281 011 217, 038 906 019 LA.zip	198858
ecu_files_seat/SEAT_IBIZA_90cv_AHU_028906021DK_0281001484.rar	74735
ecu_files_seat/Seat ALHAMBRA_1.8T_06A906032Q_0261208687_1037370527.rar	252742
ecu_files_seat/Seat Altea 2.0TDI 140HP 03G906016EG 371436.rar	256634
ecu_files_seat/Seat Ibiza 1.0L 0261203934-1037358742 mp9.0.rar	42050
ecu_files_seat/Seat Ibiza 1.4tdi 45906019BS.rar	161849
ecu_files_seat/Seat Ibiza 1.9 TDI 110hp ASV 0281010006 038906018FB.zip	125801
ecu_files_seat/Seat Ibiza 1.9TDI 90HP 0281001845 038906018BL.zip	115170
ecu_files_seat/Seat Ibiza cupra 6K0 906 032AB 354563.zip	238434
ecu_files_seat/Seat Leon 0 281 001 230_038906012CA_2806_ALH_90HP.zip	153914
ecu_files_seat/Seat Leon 00-76-ZC LEON CUPRA.rar	271010
ecu_files_seat/Seat Leon 150 HP 1037363170 0281010985.rar	156745
ecu_files_seat/Seat Leon 2 1.6 06A906033FF-5WP40217-01.zip	263811
ecu_files_seat/Seat Leon Cupra (Original) as (All elements) - 386637).zip	839527
ecu_files_seat/Seat Leon FR 2.0TFSI 200PS 0261S02476 1037 387560.rar	699844
ecu_files_seat/Seat Leon Tfsi 0261S02476 1037 387560.rar	699844
ecu_files_seat/Seat Toledo 1.9TDI 105HP 0281013232 03G906021AN 3G906021LN 382082 .rar	48596
ecu_files_seat/Seat Toledo 1.9tdi 38906012FK.rar	139979
ecu_files_seat/Seat alhambra 1.8T AJH 150HP 06A906018BT 0261204683 358171.zip	85284
ecu_files_seat/Seat alhambra 1.9TDI 115HP 038906019ET 0281010630 360459.zip	189514
ecu_files_seat/Seat alhambra 1.9TDI 115HP 038906019PA 0281012932 380184.zip	201259
ecu_files_seat/Seat alhambra 1.9TDI 90HP 028906021P 0281001252 355896.zip	74416
ecu_files_seat/Seat alhambra 1.9TDI AFN 110HP 028906021JJ 0281001967 350313.zip	115936
ecu_files_seat/Seat alhambra 1.9TDI AJM 115HP 038906019J 0281010216 354462.zip	189363
ecu_files_seat/Seat alhambra 1.9TDI ASZ 130HP 038906019BH 0281011199 366689.zip	198218
ecu_files_seat/Seat alhambra 2.0TDI 140HP 03G906016JN 381823.zip	308728
ecu_files_seat/Seat altea 1.9TDI 105HP 0281011885 03G906016DG 370803.zip	289866
ecu_files_seat/Seat altea 1.9TDI 105HP 03G906021AN 382082.zip	522724
ecu_files_seat/Seat cordoba 1.9TDI 1Z 90HP 028906021BT 0281001354 595-596.rar	68011
ecu_files_seat/Seat ibiza 0261204593 357494.zip	42133
ecu_files_seat/Seat ibiza 1.4TDI 75HP 045906019BQ 0281012708 377262.zip	202414
ecu_files_seat/Seat ibiza 1.4TDI 80HP 045906019BQ 0281012708 377262.zip	202378
ecu_files_seat/Seat ibiza 1.4TDI 80HP 045906019BT 0281012321 1037375968.rar	162334
ecu_files_seat/Seat ibiza 1.4TDI AMF 75HP 045906019BG 0281011244 368177.zip	199195
ecu_files_seat/Seat ibiza 1.4TDI BNM 68HP 45906019BS 0281012319 375931.zip	201964
ecu_files_seat/Seat ibiza 1.8T 150HP 0261206023 352176.zip	238360
ecu_files_seat/Seat ibiza 1.8T AYP 150HP 6K0906032AA 0261207071 354562.zip	249215
ecu_files_seat/Seat ibiza 1.8T-032QN.zip	322783
ecu_files_seat/Seat ibiza 1.9SDI 64HP 038906013E 0281001689 35823.zip	99588
ecu_files_seat/Seat ibiza 1.9SDI 68HP 038906013AB 0281001911.rar	97380
ecu_files_seat/Seat ibiza 1.9TDI 90HP 028906021DK 0281001483 358808.zip	77625
ecu_files_seat/Seat ibiza 1.9TDI AFN 110HP 028906021EK 0281001584.zip	88079
ecu_files_seat/Seat ibiza 1.9TDI ALH 90HP 038906018EE 0281001916.zip	99223
ecu_files_seat/Seat ibiza 1.9TDI ASV 110HP 038906018FB 0281010006 352282.zip	127518
ecu_files_seat/Seat ibiza 1.9TDI ASZ 130HP 038906019DQ 0281010891 363556.zip	196876
ecu_files_seat/Seat ibiza 1.9TDI ASZ 130HP 038906019NF 0281011825 369971.zip	199038
ecu_files_seat/Seat ibiza 1.9TDI ATD 100HP 038906019HQ 0281010957 363252.zip	200700
ecu_files_seat/Seat ibiza 1.9TDI ATD 100HP 038906019HT 0281010947 363697.rar	159724
ecu_files_seat/Seat ibiza 1.9TDI ATD 100HP 038906019NE 0281011824 371258.zip	202039
ecu_files_seat/Seat ibiza 1.9TDI BLT 130HP 038906019NJ 0281011823 375966(1).zip	200600
ecu_files_seat/Seat ibiza 1.9TDI BLT 130HP 038906019NJ 0281011823 375966.zip	200619
ecu_files_seat/Seat ibiza 90HP 038906018EC 0281001914 356953.zip	98365
ecu_files_seat/Seat ibiza cupra 1.9TDI 160HP 0281011852 370651.zip	199307
ecu_files_seat/Seat ibiza cupra 1.9TDI 160HP 038906019NT 0281012668 378813.zip	201557
ecu_files_seat/Seat leon 1.8T 180HP 0261206866 0261206866 360165.zip	299419
ecu_files_seat/Seat leon 1.8T 180HP 06A906032BE 0261206551 352772.zip	251505
ecu_files_seat/Seat leon 1.8T AUQ 180HP 06A906032MJ 0261208115 366379.zip	318868
ecu_files_seat/Seat leon 1.8T AUQ 180HP 06A906032SJ 0261208531 369040.zip	319731
ecu_files_seat/Seat leon 1.8T BAM 225HP 1ML906032A 0261208221 367220.zip	304307
ecu_files_seat/Seat leon 1.9TDI 03G906021LK 0281012262 377150.zip	600486
ecu_files_seat/Seat leon 1.9TDI 105HP 03G906016AK 0281011884 376974.rar	259030
ecu_files_seat/Seat leon 1.9TDI 105HP 03G906021JS 381000.rar	54283
ecu_files_seat/Seat leon 1.9TDI 110HP ASV 038906012AT 0281010062 1037350161.zip	137532
ecu_files_seat/Seat leon 1.9TDI AFN 110HP 038906012BT 0281010229 352279.zip	154094
ecu_files_seat/Seat leon 1.9TDI ALH 90HP 038906012FN 0281010686 360533.zip	173508
ecu_files_seat/Seat leon 1.9TDI ARL 150HP 038906019FK 0281010687 362484.zip	196398
ecu_files_seat/Seat leon 1.9TDI ARL 150HP 038906019FK 0281010687 362707.zip	196410
ecu_files_seat/Seat leon 1.9TDI ARL 150HP 038906019HK 0281010985 363170(1).zip	196505
ecu_files_seat/Seat leon 1.9TDI ARL 150HP 038906019HK 0281010985 363170.zip	196518
ecu_files_seat/Seat leon 1.9TDI ARL 150HP 038906019KG 0281011193 368578.rar	160448
ecu_files_seat/Seat leon 1.9TDI ARL 150HP 038906019KG 0281011193 368578.zip	198586
ecu_files_seat/Seat leon 1.9TDI ASV 110HP 0281011997 0281011997 371261.zip	188910
ecu_files_seat/Seat leon 1.9TDI ASV 110HP 038906012FK 0281010683 360530.zip	154115
ecu_files_seat/Seat leon 1.9TDI ASV 110HP 038906012HD 0281011312 367049.zip	167038
ecu_files_seat/Seat leon 2.0TDI 140HP 03G906021LL 0281013280 381350.zip	533791
ecu_files_seat/Seat leon 2.0TDI 140HP 03G906021LL 381350.zip	59531
ecu_files_seat/Seat leon 2.0TDI 170HP 03G906018D.zip	53775
ecu_files_seat/Seat leon 2.0TFSI 1P0907115 0261S02113 386675.zip	839212
ecu_files_seat/Seat leon cupra 1.8T 180HP 06A906032T 0261206545 352761.zip	251536
ecu_files_seat/Seat leon-2.0TDI-140hp-03G906016AJ-0281011730.zip	291849
ecu_files_seat/Seat toledo 1.9TDI AFN 110HP 028906021EF 0281001582 357749.zip	88093
ecu_files_seat/Seat toledo 1.9TDI AFN 110HP 038906012BT 0281010229 352279.zip	154167
ecu_files_seat/Seat toledo 1.9TDI AFN 110HP 038906012T 0281001060 352232.zip	152376
ecu_files_seat/Seat toledo 1.9TDI AGR 90HP 038906012S 0281010059 359845.zip	150933
ecu_files_seat/Seat toledo 1.9TDI AGR 90HP 038906021BS 0281010228 352278.zip	152618
ecu_files_seat/Seat toledo 1.9TDI AHU 90HP 028906021FN 0281001604 746-747.zip	178050
ecu_files_seat/Seat toledo 1.9TDI ALH 90HP 038906012CA 0281001230 352280.zip	153894
ecu_files_seat/Seat toledo 1.9TDI ALH 90HP 038906012FN 0281010686 360533.zip	173512
ecu_files_seat/Seat_Alhambra_19L_PD_115HP_O038906019PA_0281012932_1037378959.rar	162306
ecu_files_seat/Seat_Alhambra_D1900_R4V2T_81kW_0281001731_028906021GS_1904_1037357731(1).zip	92127
ecu_files_seat/Seat_Alhambra_D1900_R4V2T_81kW_0281001731_028906021GS_1904_1037357731.zip	92127
ecu_files_seat/Seat_Alhambra_D1900_R4V2T_81kW_0281001736_028906021HB_1907_1037356006(1).zip	105817
ecu_files_seat/Seat_Alhambra_D1900_R4V2T_81kW_0281001736_028906021HB_1907_1037356006.zip	105817
ecu_files_seat/Seat_Alhambra_D1900_R4V2T_81kW_0281001968_028906021JK_2017_1037350315(1).zip	113197
ecu_files_seat/Seat_Alhambra_D1900_R4V2T_81kW_0281001968_028906021JK_2017_1037350315(2).zip	113197
ecu_files_seat/Seat_Alhambra_D1900_R4V2T_81kW_0281001968_028906021JK_2017_1037350315.zip	113197
ecu_files_seat/Seat_Alhambra_D1900_R4V2T_81kW_0281001968_028906021JK_2019_1037352608.zip	113204
ecu_files_seat/Seat_Altea_1.9TDI_105HP_03G906016HB_0281012288_372776.zip	293557
ecu_files_seat/Seat_Althea_1.9TDI105HP-03G906016DH-0281011864-370804.rar	254690
ecu_files_seat/Seat_Arosa_1.7_SDI_50hp_038906013L_0281001748.zip	94573
ecu_files_seat/Seat_Arosa_D1400_R3V2T_55kW_0281001804_045906019T_1209_1037354619.zip	165950
ecu_files_seat/Seat_Arosa_D1400_R3V2T_55kW_0281010211_045906019M_1043_1037352639_crcA6662AA0.zip	148505
ecu_files_seat/Seat_Exeo_2.0_CR_150HP_EDC17CP14_03L906022GE_1037500117.rar	85250
ecu_files_seat/Seat_Ibiza_1,8T_180PS_0261208370_06A906032QN_371181.Org.zip	322080
ecu_files_seat/Seat_Ibiza_1.9 TDI____95.6KW_Bosch_0281011823_038906019NJ_389851_D119.Original.rar	159776
ecu_files_seat/Seat_Ibiza_1.9tdi_FR_823_966.ori	524288
ecu_files_seat/Seat_Ibiza_D1900_R4V2T_110kW_0281010687_038906019FK_1469_1037362707_crc967A48EA.zip	196446
ecu_files_seat/Seat_Ibiza_D1900_R4V2_47kW_0281001701_028906021HA_1439_1037357738_739_crcC2011619.zip	99871
ecu_files_seat/Seat_Inca_1.4i_58HP_6K0906032AE_0261207230_1037360307.zip	248984
ecu_files_seat/Seat_Leon_1.9TDI_105HP_03G906021JN_382685.zip	58414
ecu_files_seat/Seat_Leon_1.9_TDI_PD_DPF_EDC16CU35_2008_03G906021AB_03G906056AA_2382FMR4_1_9L.rar	61014
ecu_files_seat/Seat_Leon_2.0_tdi_140cv_0281011730_1037376002_03G906016AJ_7341.rar	257034
ecu_files_seat/Seat_Leon_B1800_R4V5T_154kW_0261207952_1ML906032_0001_1037363579_crc01BDF485.zip	304364
ecu_files_seat/Seat_Leon_B1800_R4V5_92kW_0261204969_06A906032CS_0005_1037354813_crcE01D8FC9.zip	250870
ecu_files_seat/Seat_Leon_B1800_R4V5_92kW_0261206587_06A906018GC_V01_1037352129_crc27C747C1.zip	87756
ecu_files_seat/Seat_Leon_B1800_R4V5_92kW_0261207648_06A906032JF_0002_1037362901_crcE40BCF28.zip	259745
ecu_files_seat/Seat_Leon__1_4_tsi_MED_17_5_20_SW_392_145.rar	56115
ecu_files_seat/Seat_Toledo_B1800_R4V5_92kW_0261204970_06A906032CR_0005_1037354812_crc94607445.zip	250476
ecu_files_seat/Seat_Toledo_B1800_R4V5_92kW_0261206588_06A906018GD_V01_1037352130_crc6B3FD532.zip	91929
ecu_files_seat/Seat_Toledo_D1900_R4V2T_66kW_0281001604_028906021FN_1417_1037357258_259_crc0B3C861E.zip	87659
ecu_files_seat/Seat_Toledo_D1900_R4V2T_66kW_0281001864_038906018DQ_2146_1037356835_836_crcB3581B58.zip	113159
ecu_files_seat/Seat_Toledo_D1900_R4V2T_81kW_0281001582_038906021EF_1419_1037357262_263_crc5DB05C9A.zip	88143
ecu_files_seat/Seat_altea_2.0TDI_140HP_0281012278_1037372610.zip	292933
ecu_files_seat/Seat_altea_2.0TDI_140HP_03G906016FJ__0281011908_370886.rar	254877
ecu_files_seat/Seat_althea_1.9TDI_105HP_03G906016DH_0281011864_370804.zip	289469
ecu_files_seat/Seat_ibiza_1.8T_180HP_06A906032RP_0261208521_371739.zip	322847
ecu_files_seat/Seat_ibiza_1.9TDI_BLT_130HP_038906019NJ_0281011823_389851.zip	200581
ecu_files_seat/Seat_ibiza_1.9TID_100HP_038906019NL_0281012276_377186.zip	203053
ecu_files_seat/Seat_ibiza_cupra_1.9TDI_160HP_038906019MS_0281011852_370651.zip	199367
ecu_files_seat/Seat_leon_1.8T_180HP_0261206866_0261206866_360165.zip	299419
ecu_files_seat/Seat_leon_1.8T_180HP_06A906032DE_0261206866_360165.zip	299457
ecu_files_seat/Seat_leon_1.8T_AUQ_180HP_06A906032SJ_0261208531_369040.zip	319731
ecu_files_seat/Seat_leon_1.9SDI_68HP_038906012R_0281010058_354413.zip	152519
ecu_files_seat/Seat_leon_1.9TDI_03G906021LK_0281012262_377150.zip	600486
ecu_files_seat/Seat_leon_1.9TDI_105HP_03G906021AN_382081.zip	52348
ecu_files_seat/Seat_leon_1.9TDI_105HP_03G906021JS_381000.rar	54283
ecu_files_seat/Seat_leon_2.0TDI_140HP_03G906021LL_1037381350.zip	62942
ecu_files_seat/Seat_leon_2.0TDI_140HP_edc16u31_03G906021AN_390153.zip	77894
ecu_files_seat/Seat_leon_2.0TFSI_185HP_1P0907115D_0261S02289_377624.zip	820948
ecu_files_seat/Seat_leon_cupra_2.0TFSI_240HP_1P0907115C_0261S02337_384269.zip	836826
ecu_files_seat/Seat_leon_cupra_2.0TFSI_240HP_1P0907115C__0261S02337_386637.zip	836796
ecu_files_seat/Seat_toledo_1.9TDI_AHU_90HP_038906018BT_0281001926_926687.zip	113500
ecu_files_seat/seat ibiza fr 1.9 tdi 130hp 038906019NF 0281011825 372304.rar	159942
ecu_files_skoda/SKODA FABIA 1.4TDI 75HP AMF 45906019BM 412178.rar	159081
ecu_files_skoda/Sko_Oct_RS_18turbo.rar	1283162
ecu_files_skoda/Skoda 2.0TDI 140HP 03G906021AB 390602.zip	547734
ecu_files_skoda/Skoda Fabia 1.0i 047906032C 5WP4419 Simos 3 .rar	157174
ecu_files_skoda/Skoda Fabia 1.2_47KW_03E906033A_5WP40120.rar	172762
ecu_files_skoda/Skoda Fabia 1.4 16V 03C906024B 03C906024F 0896 MARELLI 4HV.zip	281762
ecu_files_skoda/Skoda Fabia 1.4 16V 03C906024B 4115 MARELLI 4HV .zip	288057
ecu_files_skoda/Skoda Fabia 1.4 16V 03C906024R 03C906024F 2489 MARELLI 4HV.zip	286106
ecu_files_skoda/Skoda Fabia 1.4 16V 03C906024R 4117 MARELLI 4HV.zip	288048
ecu_files_skoda/Skoda Fabia 1.9 TDI 130 hp 368406_0281011217_019LA.rar	160149
ecu_files_skoda/Skoda Fabia 19 105hp 038 906 019 NS 0984.RAR	164667
ecu_files_skoda/Skoda Fabia_1.4_75HP_047906033D_5WP4419 simos3.zip	159107
ecu_files_skoda/Skoda Faleicia 1.3i 40KW 5WP4248.zip	50348
ecu_files_skoda/Skoda New Octavia (Original) as Eprom - 379738).zip	611971
ecu_files_skoda/Skoda New Octavia 1.9tdi_105hp 03G906021TB_1037391891_391891.rar	57964
ecu_files_skoda/Skoda Octavia 1.8T AUM 150HP 6A906032S 0261208532 1037369039.rar	282511
ecu_files_skoda/Skoda Octavia 1.9 TDI 0281011883 -259.ZIP	1062159
ecu_files_skoda/Skoda Octavia 1.9 TDI 105HP 03G906021RH 389825.zip	74118
ecu_files_skoda/Skoda Octavia 1.9TDI 0281001849_038906018BQ_.zip	112091
ecu_files_skoda/Skoda Octavia 1.9TDI 100HP 0281010517 038906019R 360060.zip	168019
ecu_files_skoda/Skoda Octavia 1.9TDI 105HP-0281012236-372778-016BD.rar	259201
ecu_files_skoda/Skoda Octavia 2 1.4i 036906032BF.zip	340250
ecu_files_skoda/Skoda Octavia 2 2.0FSI 150PS 0261S02259 378588.zip	816553
ecu_files_skoda/Skoda Octavia 2.0 170HP RS 03G906018EL 9953.zip	54559
ecu_files_skoda/Skoda Octavia 2.0 TDI 140_HP_03G906021JC_382441.rar	483350
ecu_files_skoda/Skoda Octavia 2.0FSI 0261S02018 06F906056R 372560.zip	797312
ecu_files_skoda/Skoda Octavia II 1.9_TDI_105HP_03G906021AB_03G906021DN_381829.rar	62949
ecu_files_skoda/Skoda Octavia II 20TFSI RS 1Z0907115A-0261S02339-orig.zip	841734
ecu_files_skoda/Skoda Octavia II BJB 0281011883 1037371259.rar	258328
ecu_files_skoda/Skoda Octavia Scount 2.0TDI 140HP 03G906021MC 390602.zip	57443
ecu_files_skoda/Skoda Octavia-1.8T-06A906032HJ-0261207436-1037362287.zip	313125
ecu_files_skoda/Skoda Octavia-1.8T-06A906032HJ-0261207436-1037366426.zip	319330
ecu_files_skoda/Skoda Superb DPF 105hp 03G906021AB 03G997022H 399891.rar	59819
ecu_files_skoda/Skoda fabia 1.4 16V 100HP 036906034BK IAW 4LV.C.zip	182143
ecu_files_skoda/Skoda fabia 1.4 68HP 5WP40179 047906033H.zip	170623
ecu_files_skoda/Skoda fabia 1.4TDI 045906019CE 0281013179 1037384844.rar	162680
ecu_files_skoda/Skoda fabia 1.4TDI 70HP 045906019BR 0281012318 377261.zip	202014
ecu_files_skoda/Skoda fabia 1.4TDI 80HP 045906019CD 0281012749 1037386328.rar	163052
ecu_files_skoda/Skoda fabia 1.9SDI 64HP 038906012AN 0281010107 354365.zip	179842
ecu_files_skoda/Skoda fabia 1.9SDI 64HP 038906012GD 0281010861 362792.zip	201736
ecu_files_skoda/Skoda fabia 1.9TDI 105HP_038906019NS_0281013082_386363.zip	204131
ecu_files_skoda/Skoda fabia 1.9TDI 130HP 038906019 0281011217 366587.zip	197821
ecu_files_skoda/Skoda fabia 1.9TDI ASZ 130HP 038906019LA 0281011217 368406.zip	198946
ecu_files_skoda/Skoda fabia 1.9TDI ASZ 130HP 038906019LA 0281011217 368941.zip	199008
ecu_files_skoda/Skoda fabia 1.9TDI ASZ 130HP 038906019NF 0281011825 372304.zip	199038
ecu_files_skoda/Skoda fabia 1.9TDI ATD 100HP 038906019KT 0281011219 368184.zip	201925
ecu_files_skoda/Skoda ocatavia 1.9TDI AHF 110HP 038906012G 0281010128 360549.zip	155423
ecu_files_skoda/Skoda octavia 1.6 06A906019BH 5WP4860.zip	66863
ecu_files_skoda/Skoda octavia 1.6 AEE 032906030AG.zip	40761
ecu_files_skoda/Skoda octavia 1.6i 06A906033BG 5WP4015.zip	199036
ecu_files_skoda/Skoda octavia 1.8T AGU 150HP 06A906018CF 0261206141 5663756.zip	83911
ecu_files_skoda/Skoda octavia 1.8T AGU 150HP 06A906018GA 261206519 352013.zip	83959
ecu_files_skoda/Skoda octavia 1.8T AGU 150HP 06A906018GB 0261206520 350785.zip	88266
ecu_files_skoda/Skoda octavia 1.9SDI 68HP 038906012E 0281010105 360446.zip	170899
ecu_files_skoda/Skoda octavia 1.9TDI 105HP 03G906016K 028101223 1037374710.zip	533966
ecu_files_skoda/Skoda octavia 1.9TDI 105HP 03G906016K 0281012237 372601.zip	293762
ecu_files_skoda/Skoda octavia 1.9TDI 130HP 038906019EG 0281010928 351906.zip	196688
ecu_files_skoda/Skoda octavia 1.9TDI 90HP 038906012F 0281010127 350855.zip	194467
ecu_files_skoda/Skoda octavia 1.9TDI 90HP 038906012F 0281010127 360546(1).zip	194462
ecu_files_skoda/Skoda octavia 1.9TDI 90HP 038906012F 0281010127 360546.zip	194479
ecu_files_skoda/Skoda octavia 1.9TDI 90HP 038906012HA 0281011309 367046.zip	188344
ecu_files_skoda/Skoda octavia 1.9TDI AGR 90HP 038906012F 0281010127 1037350855.zip	194501
ecu_files_skoda/Skoda octavia 1.9TDI AGR 90HP 038906012H 0281010129 350857.zip	193160
ecu_files_skoda/Skoda octavia 1.9TDI AGR 90HP 038906018AG 0281001695 357789.zip	88182
ecu_files_skoda/Skoda octavia 1.9TDI AGR 90HP 038906018BC 0281001755 357868.zip	103929
ecu_files_skoda/Skoda octavia 1.9TDI AGR 90HP 038906018BQ 0281001849 356596.zip	112163
ecu_files_skoda/Skoda octavia 1.9TDI AGR 90HP 038906018GM 0281010181 350932.zip	124654
ecu_files_skoda/Skoda octavia 1.9TDI AHF 110HP 038906012G 0281010128 350856.zip	155425
ecu_files_skoda/Skoda octavia 1.9TDI AHF 110HP 038906018AM 0281001707 242.zip	92522
ecu_files_skoda/Skoda octavia 1.9TDI AHF 110HP 038906018GN 0281010182 110934.zip	99151
ecu_files_skoda/Skoda octavia 1.9TDI AHU 90HP 038906018B 0281001602 355556.zip	75180
ecu_files_skoda/Skoda octavia 1.9TDI ASV 110HP 038906012BA 0281010130 352668.zip	137352
ecu_files_skoda/Skoda octavia 1.9TDI ASV 110HP 038906012CL 0281010380 354322.zip	154101
ecu_files_skoda/Skoda octavia 1.9TDI ASV 110HP 038906012CL 0281010380 362160.zip	154092
ecu_files_skoda/Skoda octavia 1.9TDI ASV 110HP 038906012HC 0281011311 367048.zip	167035
ecu_files_skoda/Skoda octavia 1.9TDI ASZ 130HP 038906019HJ 0281010977 366272.zip	218399
ecu_files_skoda/Skoda octavia 1.9TDI ATD 100HP 038906019DL 0281011077 363696.zip	176248
ecu_files_skoda/Skoda octavia 1.9TDI ATD 100HP 038906019FJ 0281010789 362146.zip	167839
ecu_files_skoda/Skoda octavia 1.9TDI BJB 105HP 03G906016AG 0281011658 370256.zip	290418
ecu_files_skoda/Skoda octavia 110HP AHF 038906018BR 0281001850 597-598.zip	99140
ecu_files_skoda/Skoda octavia 2 DSG 105HP 03G906016BE 0281011947 371962.rar	258998
ecu_files_skoda/Skoda octavia 2.0TDI 03G906021LD 0281013187 379738.zip	614553
ecu_files_skoda/Skoda octavia 2.0TDI BKD 140HP 03G906016DS 0281011953 372775.zip	292981
ecu_files_skoda/Skoda octavia 2.0TDI BMM 140HP 03G906021JC 382441.zip	557707
ecu_files_skoda/Skoda octavia 2.0TDI-03G906021JC-AB-7GG-BMM-1037392969.zip	68852
ecu_files_skoda/Skoda octavia 38906019PB-1037378317-0281012920.rar	159683
ecu_files_skoda/Skoda octavia II 2.0TDI 140HP 03G906016F 0281011391 370892.zip	290789
ecu_files_skoda/Skoda octavia RS 1.8T 180HP 06a906032bj 0261206892 360288.zip	305078
ecu_files_skoda/Skoda octavia RS 1.8T AUQ 06A906032SG 0261208532 369039.zip	319786
ecu_files_skoda/Skoda octavia RS 2.0TDI 170HP 03G906018HB PPD1.zip	56731
ecu_files_skoda/Skoda oktavia 1.8T 06A906032FC 0261207204 360294.zip	305083
ecu_files_skoda/Skoda oktavia 1.9TDI AGR 90HP 038906012H 02810101291037360547.zip	193159
ecu_files_skoda/Skoda roomster 1.4TDI - 69HP 045906019CJ 0281013180 382690.zip	203420
ecu_files_skoda/Skoda roomster 1.9TDI 105HP 038906019NR 0281013081 381002.zip	204070
ecu_files_skoda/Skoda rooomster 1.4TDI 80HP 045906019CC 0281012750 1037381552.rar	163834
ecu_files_skoda/Skoda scout 2.0TDI 140HP 03G906021AB 390602.zip	58079
ecu_files_skoda/Skoda superb 1.9TDI 130HP 038906019EG 0281010928 363744.zip	196690
ecu_files_skoda/Skoda_FAbia_1.4_16V_75HP_036906034CB_IAW4MV_.zip	190798
ecu_files_skoda/Skoda_Fabia_1.2_40KW_03D906032A_5WP40060.zip	175904
ecu_files_skoda/Skoda_Fabia_2.0i_0261206928_360168.rar	246234
ecu_files_skoda/Skoda_Fabia_D1900_R4V2T_74kW_0281010289_038906019AF_1056_1037352972_crc146360EC.zip	184800
ecu_files_skoda/Skoda_Fabia_D1900_R4V2T_74kW_0281010289_038906019AF_1110_1037354466_crcCBCBF822.zip	185071
ecu_files_skoda/Skoda_New Octavia RS_2.0TFSI_1Z0907115A _0261S02339_386859.rar	695667
ecu_files_skoda/Skoda_New_Octavia_1.9tdi_105hp_03G906021TB_1037391891_391891.rar	57964
ecu_files_skoda/Skoda_Octavia_1,9_TDI_105PS_0281011883_03G906016DJ_6250_1037371259.zip	292478
ecu_files_skoda/Skoda_Octavia_1.6MPi_75PS_032906014A.zip	40639
ecu_files_skoda/Skoda_Octavia_1.6MPi_75PS_032906014F.zip	40807
ecu_files_skoda/Skoda_Octavia_1.6i_100HP_5WP4428_01_06A906019BT.zip	79173
ecu_files_skoda/Skoda_Octavia_1.9TDI_105HP_03G906021RR_391862.zip	59319
ecu_files_skoda/Skoda_Octavia_2,0TFSI_200PS_0261S02114_1Z0907115_377701.Org.zip	824209
ecu_files_skoda/Skoda_Octavia_2.0TDI_140HP_03G906021AN_03G906021TC_393521.zip	80681
ecu_files_skoda/Skoda_Octavia_2.0TDI_140HP_03G906021LD_0281013187_381024.zip	62605
ecu_files_skoda/Skoda_Octavia_2.0TDI_140HP_03G906021LD_0281013187_391532.zip	80690
ecu_files_skoda/Skoda_Octavia_B1800_R4V5_92kW_0261204373_06A906018H_V05_1037358798_crc2ABE377E.zip	82075
ecu_files_skoda/Skoda_Octavia_B1800_R4V5_92kW_0261204681_6A906018AM_V02_1037358186_crcAAFD2CBF.zip	85129
ecu_files_skoda/Skoda_Octavia_D1900_R4V2T_74kW_0281011077_038906019DL_1548_1037363696_crc87D4BD87.zip	176311
ecu_files_skoda/Skoda_Octavia_D1900_R4V2T_84kW_0281010517_038906019R_1275_1037360480_CRC1934580e.zip	167820
ecu_files_skoda/Skoda_Octavia_tfsi_(Original)381208.rar	694043
ecu_files_skoda/Skoda_Superb_2.0TDI_140HP_03G906016GT_387090.zip	254796
ecu_files_skoda/Skoda_Superb_2.8_1_02612085471_3B0907551DD_369310.zip	296851
ecu_files_skoda/Skoda_Superb_B1800_R4V5T_110kW_0261207928_8E0909018A_P0000_1037363930_crc97A78B5B.zip	349914
ecu_files_skoda/Skoda_Superb_D2500_V6V4T_114kW_0281010905_3U0907401_D09_1037366618_crc08B732A0.zip	198416
ecu_files_skoda/Skoda_fabia_1.9SDI_64HP_038906012AN_0281010107_360551.rar	140496
ecu_files_skoda/Skoda_fabia_1.9SDI_64HP_038906012HR_0281011321_1037367058.zip	186000
ecu_files_skoda/Skoda_octavia_1.8T_ANB_150HP_4B0906018AC_0261206452_352160.zip	253128
ecu_files_skoda/Skoda_octavia_1.9TDI_105HP_03G906021LB_382414.zip	67301
ecu_files_skoda/Skoda_octavia_2.0TDI_140HP_03G906021LD_0281013187_379738_orginal.zip	614547
ecu_files_skoda/Skoda_octavia_2.0TDI_140HP_03G906021LD_379738.zip	610732
ecu_files_skoda/Skoda_octavia_RS_2.0TDI_170HP_03G906018EB_PPD1_2.rar	547296
ecu_files_skoda/Skoda_octavia_RS_2.0TFSI_200HP_1Z0907115A_0261S02339_386859.zip	839283
ecu_files_skoda/Skoda_octavia_vrs_1.8T_180HP_0261207440_363908.rar	282130
ecu_files_skoda/Skoda_superb_1.8T_180HP_8E0909018A_0261207929_1037366458.zip	349709
ecu_files_skoda/Skoda_superb_1.9TDI_105HP_3G906021QN_1037395404.zip	60942
ecu_files_skoda/Skoda_superb_2.5TDI_155HP_3U0907401_D01_0281010905_1037363745.rar	158743
ecu_files_skoda/Sokda_Fabia_1.4_68HP_047906033_5WP4419.zip	159678
ecu_files_skoda/skoda octavia 1.9 110cv ASV 1037367048 - 0281011311.rar	149710
ecu_files_skoda/skoda octavia rs 2.0tfsi 1Z0907115-0261S02114.zip	823815
ecu_files_skoda/skoda octavia rs 2.0tfsi 1Z0907115A-0261S02339.zip	841734
ecu_files_skoda/skoda_1037390602.rar	55969
ecu_files_volkswagen/GOLF_GTI_DSG__02E300042M_2402_getriebe_DSG.rar	198798
ecu_files_volkswagen/GOLF_R32_DSG__0696R0702ea__getriebe_DSG_OG6R.rar	203421
ecu_files_volkswagen/Golf 3 1.8 90PS 90 PS 0261203184-185 8A0907311H.zip	22717
ecu_files_volkswagen/Golf 3 GTi 2.0 115HP 037 906 024 B.rar	15100
ecu_files_volkswagen/Golf 5 GTi 2.0T 200hp 0261S02331 1037387479 1K0907115J 0030I tfsi.rar	695748
ecu_files_volkswagen/Touran 03G906021CG-389299 1.9_DSG_105hp.rar	59090
ecu_files_volkswagen/Touran_DSG_03G906016DK_0281011946_371250.rar	258692
ecu_files_volkswagen/VAG 2.0 TFSI BYD 230PS 1K0907115L_0261S02429_386855.rar	693484
ecu_files_volkswagen/VAG_02E300042G_0918__069091802ea_getriebe_DSG_QS5G.rar	202566
ecu_files_volkswagen/VOLKSWAGEN POLO 1300 1267356773 0261200306 27C256 E0D4.zip	9333
ecu_files_volkswagen/VW 1.6i 06A906033L 5WP4004.zip	178607
ecu_files_volkswagen/VW 1.8T G60 Digifant 037997022B - WINOLS.zip	9010
ecu_files_volkswagen/VW 1.9 TDI AFH 0281010112 038906012L.rar	126933
ecu_files_volkswagen/VW 1.9 tdi 028906021CS_0281001664.zip	75316
ecu_files_volkswagen/VW B5 1.8T 0261206544 4B0906018BH 0006.rar	226460
ecu_files_volkswagen/VW BORA 1.8T 180HP 0261207441 1037360647.zip	312933
ecu_files_volkswagen/VW BORA 2.8 VR6 ME7 0261206618 352480.rar	198385
ecu_files_volkswagen/VW Beetle 1.6-06A906033L-00HS3466.zip	178621
ecu_files_volkswagen/VW Beetle 1.8T 0261207341 06A906032FT 362333.zip	313028
ecu_files_volkswagen/VW Beetle 1.9TDI 5spd ALH 90HP 038906012GQ 0281011035 366235.zip	187243
ecu_files_volkswagen/VW Beetle 1.9TDI auto 038906012FF 0281001655 362776.zip	208679
ecu_files_volkswagen/VW Bora 1.6 BFQ 06A906033BN 5WP4019 4667.zip	199102
ecu_files_volkswagen/VW Bora 1.6i 06A906033AQ 5WP4013.zip	193649
ecu_files_volkswagen/VW Bora 1.8T 150hp AUM 06A906032DR 0261206887 360272.rar	265622
ecu_files_volkswagen/VW Bora 1.8T 180HP 06A906032SL 0261208529 371155.zip	335729
ecu_files_volkswagen/VW Bora 1.8T-150HP-06A906032DR-0261206887-1037360128.zip	299421
ecu_files_volkswagen/VW Bora 1.8t 890.zip	299965
ecu_files_volkswagen/VW Bora 1.9TDI 038906016Q_0281011812_v371296_EDC16U31.bin.zip	49965
ecu_files_volkswagen/VW Bora 1.9TDI 115HP 038906019H 0281001910 350172.zip	116642
ecu_files_volkswagen/VW Bora 1.9TDI AGR 90HP 038906012FD 0281010653 362774.zip	208691
ecu_files_volkswagen/VW Bora 2.0 8V 06A906032DS_0261207080_v360930_ME7.5_MT_OEM.bin.zip	287959
ecu_files_volkswagen/VW Bora 2.0 APK 06A906018FK 0261206261 485757.zip	113581
ecu_files_volkswagen/VW Bora D1900_R4V2T_96kW 0281010702_038906019FG_1420_1037362471_crc69AA584A.zip	218181
ecu_files_volkswagen/VW Caddy 1.9 TDI ALH 038906018FK_16bit.zip	97266
ecu_files_volkswagen/VW Caddy 1.9SDI 03G906016GP 0281012168 372600.zip	293342
ecu_files_volkswagen/VW Caddy 1.9SDI 68HP 038906012GJ 0281010965 363111.zip	202290
ecu_files_volkswagen/VW Caddy 1.9TDI 105HP 0281011882 371251.zip	531990
ecu_files_volkswagen/VW Caddy 1.9TDI 105HP 03G906021AQ 0281012390 1037377585.zip	605601
ecu_files_volkswagen/VW Caddy 1.9TDI 105HP 03G906021AQ 0281012390 377585.zip	525635
ecu_files_volkswagen/VW Caddy 1.9TDI 105HP 03G906021PF 03G906021AB.zip	647003
ecu_files_volkswagen/VW Caddy 1.9TDI ALH 90HP 038906018FK 0281010057 350149.zip	99225
ecu_files_volkswagen/VW Caddy 1.9TDi BDM 0281011666.zip	529604
ecu_files_volkswagen/VW Caddy SDI AYQ 2002 038906013AN.zip	101660
ecu_files_volkswagen/VW Corrado 1.8T PG G60 digifant 160HP 037906022B.zip	9650
ecu_files_volkswagen/VW Corrado 2.9 VR6 021906258B.zip	27401
ecu_files_volkswagen/VW Corrado 2.9 vr6 021906258CP.zip	34764
ecu_files_volkswagen/VW Corrado 2.9i VR6 ABV 021906258AG 0261203109 357531.zip	29980
ecu_files_volkswagen/VW Corrado 2.9l VR6 494_357207.rar	26201
ecu_files_volkswagen/VW Crafter 2.5 TDI 074906032BB 503934.zip	451840
ecu_files_volkswagen/VW Crafter EDC16CP34 BDM 0281014133 1037386337.ori	458288
ecu_files_volkswagen/VW EOS 2.0TDI 140DPF-1037383799.rar	58054
ecu_files_volkswagen/VW EOS 2.0TDI 140hp 03G906021CE 1037382429.ZIP	680587
ecu_files_volkswagen/VW GOLF 1.9 TDI 100hp 0281011065-1037363709.zip	223520
ecu_files_volkswagen/VW GOLF 5 1.9 TDI_74kw_03G906021FD_380401.rar	55366
ecu_files_volkswagen/VW GOLF 5 2.0 TDI 0281011956 374184.rar	257238
ecu_files_volkswagen/VW GOLF V 1,9 105PS 0281011478 1037369564.rar	252574
ecu_files_volkswagen/VW GOLF3 1.8-90hp-0261200784-1H0907311H.zip	36944
ecu_files_volkswagen/VW GTI 2.0T FSI BPY 200HP 1K0907115B 0261S02080 1037376240.rar	682450
ecu_files_volkswagen/VW Golf 1.4_16V_105HP_036906034AM.rar	160611
ecu_files_volkswagen/VW Golf 1.4i AXP 036906032P 0261207179 354828.zip	249453
ecu_files_volkswagen/VW Golf 1.6 8V 100HP 06A90601AK 5PW4417.zip	77959
ecu_files_volkswagen/VW Golf 1.6 8v IAW1AVPD6AF.zip	40460
ecu_files_volkswagen/VW Golf 1.8T 2002 06A906032HS 0261207446 1037363354.rar	277062
ecu_files_volkswagen/VW Golf 1.9 TDI 038906018BM-0281001846.rar	95085
ecu_files_volkswagen/VW Golf 1.9 TDI 130hp-038906019HJ 0281010977-1037363142.rar	160380
ecu_files_volkswagen/VW Golf 1.9 TDI 1Z G90577.zip	22842
ecu_files_volkswagen/VW Golf 1.9 TDI 1z 028906021AF 0281001309 867-868.zip	42158
ecu_files_volkswagen/VW Golf 1.9 tdi 038906016H_0281011146_v371297_EDC16U31_OEM.bin.zip	49958
ecu_files_volkswagen/VW Golf 1.9 tdi 105HP 03G906021AN 387840.rar	65625
ecu_files_volkswagen/VW Golf 1.9 tdi 1Z D80.rar	40512
ecu_files_volkswagen/VW Golf 1.9tdi 038906012AP.rar	127906
ecu_files_volkswagen/VW Golf 150PS 1.8L R45VT-06A906018R-0261204673-358109.zip	83894
ecu_files_volkswagen/VW Golf 19 tdi 0 281 011 109_038906019MQ_KD35 bdm.zip	176526
ecu_files_volkswagen/VW Golf 2.0 TDI DSG 140hp 0281011672 1037370516 - 03G906016AP -.zip	291824
ecu_files_volkswagen/VW Golf 2.0TDI 4Motion sw 390118 03G906021KK.rar	69116
ecu_files_volkswagen/VW Golf 2.8 VR6 021906258BK.zip	31600
ecu_files_volkswagen/VW Golf 3 1.8 0261200275-709.rar	17393
ecu_files_volkswagen/VW Golf 3 1.8 8A0907311H-27C256.rar	22238
ecu_files_volkswagen/VW Golf 3 1.8 mono 0261200275-709.rar	17393
ecu_files_volkswagen/VW Golf 4 100 HP 1037363166 0281010974.rar	158268
ecu_files_volkswagen/VW Golf 4 IAW 4MV.DR 036906034DR golf 4 1.6 .zip	191282
ecu_files_volkswagen/VW Golf 4 IAW_4LV_H_036906034BB_29F400BB_FLASH_ORG.rar	161548
ecu_files_volkswagen/VW Golf 4 TDI 038 906 019 FE 0281010744_362470.rar	156992
ecu_files_volkswagen/VW Golf 5 1.9TDI BKC 105HP 03G906016CB 0281011900 371429.zip	531035
ecu_files_volkswagen/VW Golf 5 2.0 140cv 0281011903_1037371096_orig.rar	256313
ecu_files_volkswagen/VW Golf 5 2.0 TDI 03G906016ET_0281011843_370224.rar	250688
ecu_files_volkswagen/VW Golf 5 3.2 VR6 260HP 022906032CE 0261208468 377419.zip	113716
ecu_files_volkswagen/VW Golf ED30 2.0TFSI 230PS 1K0907115L 0261S02429 1037 386855.rar	693484
ecu_files_volkswagen/VW Golf GTI 2,0TFSI 1K0907115A 0261S02079 384458.zip	779319
ecu_files_volkswagen/VW Golf IV 1.9 TDI PD ATD 100hp 0281010497 1037360447.rar	156315
ecu_files_volkswagen/VW Golf IV ALH 90hp 038906012FA 0281010650 360773.zip	173744
ecu_files_volkswagen/VW Golf IV TDI 1037363709 0281011065 (1).rar	162676
ecu_files_volkswagen/VW Golf IV TDI 1037363709 0281011065.rar	162676
ecu_files_volkswagen/VW Golf MK3 2.0 ABA 115hp 0261203720 1037355532.zip	315777
ecu_files_volkswagen/VW Golf MK3 2.0 ABA 115hp 0261204634 1037358768.zip	330466
ecu_files_volkswagen/VW Golf MK3 2L 037906025P.zip	33237
ecu_files_volkswagen/VW Golf Mk4 R32 240hp 022906032CP 6463 0261207885 371754.rar	322137
ecu_files_volkswagen/VW Golf V 140PS BKD DSG 03G906016HJ_0281012253_372673.rar	258385
ecu_files_volkswagen/VW Golf V 2.0 TFSI 1K0907115T 387445.zip	845222
ecu_files_volkswagen/VW Golf3 1.9TDI 90HP 0281001170 171 028906021C 696-697.zip	41102
ecu_files_volkswagen/VW Golf4 1,4L_036906032G_0261207190.rar	231158
ecu_files_volkswagen/VW Golf4 1.8T 0261206518 352127.zip	85349
ecu_files_volkswagen/VW Golf4 1.9 TDI 90hp ALH 0281001979 038906012M 2813.zip	152388
ecu_files_volkswagen/VW Golf4 1.9TDI R4V2T 74KW_0281010662_038906019FF_1355_1037362018_CRC1A832F65.zip	213180
ecu_files_volkswagen/VW Golf4 2.8 VR6 0261207881 366145.rar	300791
ecu_files_volkswagen/VW Golf4-(1J)-1,9-AGR-90HP-038906018D-0281001611.zip	104189
ecu_files_volkswagen/VW Golf5 1.9TDI 105HP 03G906021KH 0281013226 382083.zip	538702
ecu_files_volkswagen/VW Golf5 2.0TDI 140HP 03G906021FQ 378346.rar	48557
ecu_files_volkswagen/VW GolfJetta 1.9TDI ALH 90HP 038906012BD 0281010124.rar	126872
ecu_files_volkswagen/VW GolfJetta 1.9TDI ALH 90HP 038906012CP 0281010385.rar	126894
ecu_files_volkswagen/VW GolfJetta 1.9TDI ALH 90HP 038906012FD 0281010653.rar	154865
ecu_files_volkswagen/VW GolfJetta 1.9TDI ALH 90HP 038906012GN 0281011034 366234.rar	153737
ecu_files_volkswagen/VW GolfV (1K) TDI 1,9 BKC-105hp-03G906016CB-0281011900-371094.zip	293033
ecu_files_volkswagen/VW GolfV 1.9 tdi 0281011478_03G906016B_369564_5645.rar	252821
ecu_files_volkswagen/VW Golf_3_TDI_90HP_028906021C_0281001170_171_2287359696_697.zip	40930
ecu_files_volkswagen/VW JETTA 1.9TDI 90HP 028906021JB 0281001778.rar	89339
ecu_files_volkswagen/VW Jetta 1.8T AWW 150hp 06A906032DL 0261206890 1037354821.rar	264340
ecu_files_volkswagen/VW Jetta 1.8T AWW 150hp 06A906032DL 0261206890 1037360227.rar	265520
ecu_files_volkswagen/VW Jetta 1.9tdi 100hp 03G906016AB_0281012238_v376708_EDC16U34.bin.zip	51095
ecu_files_volkswagen/VW Jetta 4 2.8 vr6 200hp 022906032CS_0261207881_v368604_ME_7.1.1.zip	341554
ecu_files_volkswagen/VW Jetta IV 1.9TDI_PD_Bosch_EDC_16U34.zip	47365
ecu_files_volkswagen/VW Jetta-1.8T-MT_06A906032LP_0261207955_v367518_ME7.5-1M_OEM.bin.zip	334868
ecu_files_volkswagen/VW LT 2.5TDI 109HP 074906021AG 0281010088 893.zip	102020
ecu_files_volkswagen/VW LT 2.5TDI AHD 102HP 074906021AK 0281010086.zip	98946
ecu_files_volkswagen/VW LT 2.5TDI AHD 102HP 074906021J 0281001600 358946.zip	83013
ecu_files_volkswagen/VW LT35 2.5TDI 90HP APA- 074 906 021 AM - 0 281 010 089.rar	97650
ecu_files_volkswagen/VW LT35 2.5TDI AVR 109HP 074906018BK 0281011385 367887.zip	209137
ecu_files_volkswagen/VW LT35 2.8TDI 158HP_2D0906019A_0281010588_365048.zip	211782
ecu_files_volkswagen/VW Lupo 1.4l 16V 100HP 036906034AT IAW4LV.VA 61600.540.05.zip	183328
ecu_files_volkswagen/VW PASSAT 1.9 TDI 105PS 0281013330 03G906021NK 1037389874.rar	548863
ecu_files_volkswagen/VW PASSAT_130cv_1037362631_0281010701.rar	164162
ecu_files_volkswagen/VW PASSAT_18_T_4B0_906_018_CM_flash.rar	300625
ecu_files_volkswagen/VW PASSAT_2.0_TDI_140PS_EDC17CP14_03L90730978_03L906022BL_2650_CMD_ORI.rar	90978
ecu_files_volkswagen/VW PAssat 2.0 CR 140HP 03L906022BL 4145 399883.zip	94003
ecu_files_volkswagen/VW PHAETON 3.0 TDI 230PS 8E0907401AB -570.rar	64442
ecu_files_volkswagen/VW POLO 1.6 IAW1AP 032906030P.rar	36469
ecu_files_volkswagen/VW POLO GTI 110KW_0261 201 628_1037 38 2997.zip	321154
ecu_files_volkswagen/VW Passat 1.8T 150HP 8D0907558E 0261204805 358123.zip	81611
ecu_files_volkswagen/VW Passat 1.8T 4B0 906 018 DF AWT ME7.5 0261207639 original.zip	309647
ecu_files_volkswagen/VW Passat 1.8T Bosch_ME_7_5.bin.zip	238047
ecu_files_volkswagen/VW Passat 1.9 TDI 130HP 038906019EP-0281010701-362702.zip	218176
ecu_files_volkswagen/VW Passat 1.9 TDI AHU 90HP 028906021GQ 0281001682.zip	90977
ecu_files_volkswagen/VW Passat 1.9 TDi PD DPF 77Kw 03G906021NG 394906.ZIP	554974
ecu_files_volkswagen/VW Passat 1.9TDI 105 0281012085 03G906021AN 7004.ori.rar	44977
ecu_files_volkswagen/VW Passat 1.9TDI 105HP 03G906021AB 381562.zip	58529
ecu_files_volkswagen/VW Passat 1.9TDI 105HP 03G906021NK 382417.zip	639022
ecu_files_volkswagen/VW Passat 1.9TDI 105ps BKC_0281012085_03G906021AN_374452.zip	49831
ecu_files_volkswagen/VW Passat 1.9TDI 110HP 0281001423-424 028906021CK .rar	76158
ecu_files_volkswagen/VW Passat 1.9TDI 115cv_0281010217_352903.rar	140697
ecu_files_volkswagen/VW Passat 1.9TDI 130HP 038906019ER 0281010704-1037362173.zip	196903
ecu_files_volkswagen/VW Passat 1.9TDI 130cv 038906019EH 0281010558 1037360496.rar	151551
ecu_files_volkswagen/VW Passat 1.9TDI 1Z 90HP 028906021FC 0281001566.zip	102468
ecu_files_volkswagen/VW Passat 1.9TDI 66kW 0281001727_038906018N_1615_1037357703.zip	215522
ecu_files_volkswagen/VW Passat 1.9TDI AHU 1996 028906021GQ_0281001682_MSA15_OEM.zip	179033
ecu_files_volkswagen/VW Passat 1.9TDI PD 038906019-0281011204-366500.rar	162876
ecu_files_volkswagen/VW Passat 1.9TDI R4V2T_66kW_0281001727_038906018N_1615_1037357703_crcF4227CA9.zip	100547
ecu_files_volkswagen/VW Passat 1.9TDI R4V2T_81kW_0281010170_038906018GA_3102_1037354238_239_crcCD39720D.zip	126148
ecu_files_volkswagen/VW Passat 115 Hp 1037352904 0281010218.rar	140547
ecu_files_volkswagen/VW Passat 2.0 140PS 0281012119 394115.zip	75953
ecu_files_volkswagen/VW Passat 2.0 CR 140HP 03L906022BL 6221 507677.zip	95821
ecu_files_volkswagen/VW Passat 2.0 TDI 03G906021MS 0281012719.rar	55745
ecu_files_volkswagen/VW Passat 2.0 TDI 136HP 038906016L_0281011433_v370476_EDC16U31.bin.zip	45082
ecu_files_volkswagen/VW Passat 2.0 TDI 136Hp 038906016L_0281011433_v371804_EDC16U31.rar	42006
ecu_files_volkswagen/VW Passat 2.0 TDI BHW 136HP 038906016L_0281011433_370476.zip	44435
ecu_files_volkswagen/VW Passat 2.0 TDI BHW 136HP 038906016R_0281011982_371877.zip	44907
ecu_files_volkswagen/VW Passat 2.0FSI 150HP 06F906056AN 0261S02135 376502.zip	847063
ecu_files_volkswagen/VW Passat 2.0T 200Hp 3C0907115S_0261S02510_v391093_MED9.1.bin.zip	870646
ecu_files_volkswagen/VW Passat 2.0TDI 136hp 038906016R_0281011982_v371877_EDC16U31.bin.zip	45560
ecu_files_volkswagen/VW Passat 2.0TDI 140HP 0281012925_03G906021AD_378328.zip	525488
ecu_files_volkswagen/VW Passat 2.0TDI 140HP 03G906021AB 03G906021MT 382427.zip	57512
ecu_files_volkswagen/VW Passat 2.0TDI 140HP 03G906021AB 03G906021NK 399388.zip	76012
ecu_files_volkswagen/VW Passat 2.0TDI 140HP 03G906021AB 03G997021J 399387.rar	63696
ecu_files_volkswagen/VW Passat 2.0TDI PPD1.1 5WP45500AF 7010 03G906018.rar	431592
ecu_files_volkswagen/VW Passat 2.0TDI auto 038906016R 0281011982 371877 EDC16U34.zip	44877
ecu_files_volkswagen/VW Passat 2.0TDI_140HP_03G906018FG.rar	58284
ecu_files_volkswagen/VW Passat 2.5TDI V6V4T_132kW_0281011387_8E0907401J_0004_1037367775_crc81E4BFE5.zip	448046
ecu_files_volkswagen/VW Passat 2.8 VR6 021906258BS_0261203215_v358227_OEM.zip	31687
ecu_files_volkswagen/VW Passat 3.6 FSI 03H906032C 0261S02169 376323 FSI.zip	726595
ecu_files_volkswagen/VW Passat 3.6 FSI 03H906032C 0261S02169 376323.zip	726595
ecu_files_volkswagen/VW Passat B5 1.8T AWM 4B0906018DA 0261207931.rar	317966
ecu_files_volkswagen/VW Passat D2500 V6V4T 132kW_0281011387_8E0907401J_0004_1037367775_crc81E4BFE5.zip	448046
ecu_files_volkswagen/VW Passat R36 300ps 03H906032AM 1037393968.zip	659701
ecu_files_volkswagen/VW Passat V8 4.0 BDN 07D906018C 0261207019 366337.zip	384828
ecu_files_volkswagen/VW Passat VR6 2.8 021906258-8FA2chk.rar	78903
ecu_files_volkswagen/VW Passat cc 20TDI CR 140Hp 1037394168 .rar	90912
ecu_files_volkswagen/VW Phaeton 3.2V6 AYT 241HP 022906032BN 0261207688 366305.zip	389304
ecu_files_volkswagen/VW Polo 1.9TDI PD 0281011820_371260_6118_019ND.zip	203163
ecu_files_volkswagen/VW Polo G40 022c-0261.200.330-ori.rar	9384
ecu_files_volkswagen/VW Polo SDI 0281010660 1037362880.rar	148883
ecu_files_volkswagen/VW Polo_SDI_0281010660_1037362880_ORI.rar	148883
ecu_files_volkswagen/VW SCIROCCO 1.4L TSI 160HP 03C906027F 1037501379.rar	63434
ecu_files_volkswagen/VW Sharan 1.9 TDI 90PS 0281001929_019Q_350984.rar	91130
ecu_files_volkswagen/VW Sharan D1900 R4V2T 85kW_0281010216_038906019J_1254_1037360085_crc6DEB4AE4.zip	189469
ecu_files_volkswagen/VW Sharan D1900 R4V2T_85kW_0281011144_038906019LQ_1594_1037366943_crc428A525A.zip	214554
ecu_files_volkswagen/VW T4 2.5 AET 115HP 023906025 5WP4243 6577695101.rar	31979
ecu_files_volkswagen/VW T4 2.5TDI 102 HP_038906018AM_0281010458_360078.zip	173822
ecu_files_volkswagen/VW T4 2.5TDI 102HP 074906018AH 0281010681 362448.zip	165768
ecu_files_volkswagen/VW T4 2.5TDI 102HP 074906018AL 0281010459 360077.zip	193655
ecu_files_volkswagen/VW T4 2.5TDI 102PS 0281001469-470 074906021F 659-660.zip	73729
ecu_files_volkswagen/VW T4 2.5TDI 88HP 074906018AK 0281010462 360076.zip	153829
ecu_files_volkswagen/VW T4 2.5TDI 88HP_074906018B_0281010084.zip	135322
ecu_files_volkswagen/VW T4 2.5TDI ACV 102HP 074906018C 0281010082.zip	168485
ecu_files_volkswagen/VW T4 2.5TDI ACV 102HP 074906021L 0281001640 357796.zip	87633
ecu_files_volkswagen/VW T4 California 2.8VR6_AMV_204HP_022906032B_0261206239_354081.zip	251155
ecu_files_volkswagen/VW T4 D2500 R5V2T 111kW_0281010461_074906018AJ_3908_1037362445_crc6C2E0DDC.zip	188970
ecu_files_volkswagen/VW T4 D2500 R5V2T_111kW_0281010078_074906018N_2529_1037352548_crc0741FC58.zip	153564
ecu_files_volkswagen/VW T4 D2500 R5V2T_111kW_0281010079_074906018D_2531_1037352222_crcCC55EE0E.zip	136250
ecu_files_volkswagen/VW T4 D2500 R5V2T_111kW_0281010461_074906018AJ_3323_1037360079_crc7E14F711.zip	177829
ecu_files_volkswagen/VW T5 070906016AN 368585.zip	249461
ecu_files_volkswagen/VW T5 1.9 105HP 37390638P52 1037390638.rar	58136
ecu_files_volkswagen/VW T5 2.5TDI 130HP 070997016M_390979.zip	685230
ecu_files_volkswagen/VW T5 2.5TDI 130HP 070997016M_390979_BDM.zip	685230
ecu_files_volkswagen/VW T5 2.5TDI 174HP 070906016BD 0281011835 372944.zip	297670
ecu_files_volkswagen/VW T5 2.5TDI 174HP__070906016BA_0281011664_372365.zip	288787
ecu_files_volkswagen/VW T5 2007 2.5 TDI , 0 281 014 050, 0 70 997 016 M.zip	426841
ecu_files_volkswagen/VW T5 BRR 86PS 038906016AH_0281012762_1037393511.rar	59436
ecu_files_volkswagen/VW TOUAREG 3.0TDI 240HP 7L0907401H 1037392978.rar	89879
ecu_files_volkswagen/VW Tiguan 2.0 170 HP 03L906022G 395496.zip	91070
ecu_files_volkswagen/VW Tiguan 2.0TDI 03L906022G 396096 edc17p14.zip	93395
ecu_files_volkswagen/VW Tiguan_2.0TDi_CR_EDC17_3L906022G_sw106.zip	87841
ecu_files_volkswagen/VW Touareg 070906016DE_629.rar	67779
ecu_files_volkswagen/VW Touareg 2.5R5TDI BAC 174hp 070906016F 0281011258 368187.rar	224282
ecu_files_volkswagen/VW Touareg 2.5R5TDI BAC 174hp 070906016F 0281011258 368187.zip	262673
ecu_files_volkswagen/VW Touareg 2.5TDI 070906016F 0281011258 368187.zip	494155
ecu_files_volkswagen/VW Touareg 2.5TDI BAC 174HP 070997016E 0281012926 381353.zip	298978
ecu_files_volkswagen/VW Touareg 3. V6 ME7 0261207565 1037367551 022906032BE.rar	348412
ecu_files_volkswagen/VW Touareg 4.2V8 AXQ 310hp 4D0907560BR 0261208009 367701.zip	406178
ecu_files_volkswagen/VW Touareg 5.0V10TDI AYH 313hp 070906016AA 0281011481 368703.zip	239564
ecu_files_volkswagen/VW Touareg 5.0V10TDI AYH 313hp 070906016D 0281010736 367461.zip	234455
ecu_files_volkswagen/VW Touareg D5000 V10V4T 230kW 0281010736_070906016D_4939_367325_crc698F0982.zip	243832
ecu_files_volkswagen/VW Touareg D5000 V10V4T 230kW_0281010736_070906016D_4939_367325_crc698F0982(1).zip	243832
ecu_files_volkswagen/VW Touareg w12 0281011839-1037372955.rar	210440
ecu_files_volkswagen/VW Touran 1.9 TDI 105HP 03G906016DK 0281011946 Full BDM.rar	465919
ecu_files_volkswagen/VW Touran 1.9TDI 105HP 0281012361 03G906016HP 374119.zip	294419
ecu_files_volkswagen/VW Touran 1.9TDI 105HP 03G906021AB 03G906021MG 383708.zip	74497
ecu_files_volkswagen/VW Touran 1.9TDI 105HP 03G906021AN 03G906021KC 382090.zip	51457
ecu_files_volkswagen/VW Touran 1.9TDI AVQ 105HP 03G906016A 0281010731 368159.zip	249138
ecu_files_volkswagen/VW Touran 1.9TDI EDC16- 0281011761-369568-016BT.rar	252825
ecu_files_volkswagen/VW Touran 2.0TDI 140HP 03G906021AB 03G906021MJ 383709.zip	67587
ecu_files_volkswagen/VW Touran 2.0TDI 140HP 03G906021GB 378847.zip	52699
ecu_files_volkswagen/VW Touran 2.0TDI 140HP 03G906021KF 381020 (1).zip	62473
ecu_files_volkswagen/VW Touran 2.0TDI 140HP 03G906021KF 381020.zip	62473
ecu_files_volkswagen/VW Touran 2.0TDI_140HP_0281011786_03G906016EH_369816.rar	251383
ecu_files_volkswagen/VW Transporter 1.9 TDI 038906016A_0281010735_368204.rar	218734
ecu_files_volkswagen/VW Transporter 2.5TDI AXD 131HP 070906016AJ 0281011568 372363.zip	841266
ecu_files_volkswagen/VW Transporter T5 1.9PD 85HP 0389060106AH 1037381380.zip	60510
ecu_files_volkswagen/VW TransporterT4 2500tdi -4592443.zip	207191
ecu_files_volkswagen/VW beetle 1.8T 150HP 06A906032GQ 0261207349 360345.zip	299266
ecu_files_volkswagen/VW beetle 1.9TDI 100HP 038906019MT 0281011413 367412.zip	200909
ecu_files_volkswagen/VW beetle 1.9TDI 100HP 038906019NN 0281011391 368225.zip	202524
ecu_files_volkswagen/VW beetle 1.9TDI ALH 90HP 038906012FH 0281010657 362437.zip	173757
ecu_files_volkswagen/VW beetle 1.9TDI ALH 90HP 038906012Q 0281010133 352571.zip	154110
ecu_files_volkswagen/VW beetle 1.9TDI ALH 90HP 038906018AP 0281001732 357743.zip	113046
ecu_files_volkswagen/VW beetle 1.9TDI ALH 90HP 038906018M 0281001696 356243.zip	118194
ecu_files_volkswagen/VW bora tdi 130 hj.rar	160394
ecu_files_volkswagen/VW caddy 1,9tdi 74kw 0281010731-37368159.rar	220424
ecu_files_volkswagen/VW caddy 1.9TDI 105HP 03G906021CG 0281012746 393550.zip	75845
ecu_files_volkswagen/VW caddy 2.0SDI 03G906016GP 0281012168 372600.rar	256016
ecu_files_volkswagen/VW corrado 2.9i VR6 ABV 021906258AG 0261203109 357531.rar	28648
ecu_files_volkswagen/VW golf 1.6i 06A906033AF 5WP4013.zip	193657
ecu_files_volkswagen/VW golf 1.6i 06A906033BN 5WP4015.zip	199088
ecu_files_volkswagen/VW golf 1.8 AGN 130HP 06A906018CL 0261206076 359100.zip	86110
ecu_files_volkswagen/VW golf 1.8T 150HP 06A906018R 0261204673 358109.zip	83882
ecu_files_volkswagen/VW golf 1.8T 150HP 06A906018R 0261204673 359591.zip	83937
ecu_files_volkswagen/VW golf 1.8T ARZ 150HP 06A906032AR 0261206436 352357.zip	250930
ecu_files_volkswagen/VW golf 1.8T AWW 06a906032DL 0261206890 354821.zip	298711
ecu_files_volkswagen/VW golf 1.9 TDI AHU 90hp 028906021JB-1037358314-lll778.zip	104050
ecu_files_volkswagen/VW golf 1.9SDI 028906021FJ 0281001560 781-782.zip	87555
ecu_files_volkswagen/VW golf 1.9SDI 68HP 038906012DB 0281010373 354379.zip	152773
ecu_files_volkswagen/VW golf 1.9SDI 68HP 038906013 0281001759 356428.zip	91716
ecu_files_volkswagen/VW golf 1.9TDI 028906021ED 0281001541 357815.zip	100706
ecu_files_volkswagen/VW golf 1.9TDI 105HP 03G906021KH 0281013226 380437.zip	535736
ecu_files_volkswagen/VW golf 1.9TDI 105HP 03G906021KH 380437.zip	612297
ecu_files_volkswagen/VW golf 1.9TDI 110hp AFN 028906021DF 0281001473 355220.zip	90666
ecu_files_volkswagen/VW golf 1.9TDI 1Z 90HP 028906021AH 0281001324 735552.zip	42287
ecu_files_volkswagen/VW golf 1.9TDI 1Z 90HP 028906021BF 0281001422 355103.zip	87693
ecu_files_volkswagen/VW golf 1.9TDI 1Z 90HP 028906021FB 0281001564 827-828.zip	102478
ecu_files_volkswagen/VW golf 1.9TDI 1Z 90HP 028906021Q 0281001242 358699.zip	40726
ecu_files_volkswagen/VW golf 1.9TDI 90HP 028906021BF 0281001422 867-868.zip	87689
ecu_files_volkswagen/VW golf 1.9TDI 90HP 03G906016FS 0281011955 370811.zip	292378
ecu_files_volkswagen/VW golf 1.9TDI 90HP ALH 038906018AE 0281001851.zip	113024
ecu_files_volkswagen/VW golf 1.9TDI 90HP_038906018GR_0281010245_352616.zip	115120
ecu_files_volkswagen/VW golf 1.9TDI 90hp AHU 0281001650 028906021GG 1443.zip	103367
ecu_files_volkswagen/VW golf 1.9TDI AFN 110HP 028906021GH 0281001652 357822.zip	104033
ecu_files_volkswagen/VW golf 1.9TDI AFN 110HP 028906021GT 0281001735.zip	105773
ecu_files_volkswagen/VW golf 1.9TDI AGR 90HP 038906018BL 0281001845 359499.zip	124594
ecu_files_volkswagen/VW golf 1.9TDI AHU 90HP 028906021GG 0281001650 357824.zip	110529
ecu_files_volkswagen/VW golf 1.9TDI AJM 115HP 038906019FC 0281010751 362699.zip	213959
ecu_files_volkswagen/VW golf 1.9TDI ALE 90HP 028906021HD 0281001729 357948.zip	88669
ecu_files_volkswagen/VW golf 1.9TDI ALH 90HP 0281001979 038906012M 352564.zip	152388
ecu_files_volkswagen/VW golf 1.9TDI ALH 90HP 038906012GK 0281010864 362681.zip	185530
ecu_files_volkswagen/VW golf 1.9TDI ARL 150HP 038906019AQ 0281010048 1037360004.zip	169529
ecu_files_volkswagen/VW golf 1.9TDI ARL 150HP 038906019FE 0281010744 362470.zip	196394
ecu_files_volkswagen/VW golf 1.9TDI ARL 150HP 038906019FE 0281010744 362684.zip	196388
ecu_files_volkswagen/VW golf 1.9TDI ASZ 130HP 038906019HJ 0281010977 363142.zip	218303
ecu_files_volkswagen/VW golf 1.9TDI ASZ 130HP 038906019KJ 0281011216 368577.zip	220844
ecu_files_volkswagen/VW golf 1.9TDI ATD 100HP 038906019AT 0281010974 366203.zip	176526
ecu_files_volkswagen/VW golf 1.9TDI ATD 100HP 038906019CR 0281010663 362817.zip	176559
ecu_files_volkswagen/VW golf 1.9TDI ATD 100HP 038906019FF 0281010662 362734.zip	223580
ecu_files_volkswagen/VW golf 1.9TDI AUY 115HP 038906019AM 0281010091 350875.zip	132391
ecu_files_volkswagen/VW golf 1.9TDI AWX 100HP 038906019KH 0281011195 366292.zip	224851
ecu_files_volkswagen/VW golf 1.9TDI BKC 105HP 03G906016B 0281011478 368926.zip	286810
ecu_files_volkswagen/VW golf 1.9TDI_90HP_038906018GR_0281010245_352616.zip	115120
ecu_files_volkswagen/VW golf 1.9tdi 150bhp 038906019HH 366661.zip	196463
ecu_files_volkswagen/VW golf 2.0 TFSI 200HP 1K0907115F 0261S02217 377837.zip	821046
ecu_files_volkswagen/VW golf 2.0GTI 037906024D FALA03001390.zip	17517
ecu_files_volkswagen/VW golf 2.0TDI 140HP DSG 03G906016AP 0281011672 370516.zip	291800
ecu_files_volkswagen/VW golf 2.0TDI 170HP 03G906018FB.zip	56766
ecu_files_volkswagen/VW golf 2.0TDI BKD 140HP 03G906016FM 0281011903 375892.zip	534319
ecu_files_volkswagen/VW golf 2.0TFSI 1K0907115 0261S02078 387570.zip	804130
ecu_files_volkswagen/VW golf 2.0TFSI 200HP 1K0907115 0261S02078 372620.zip	790121
ecu_files_volkswagen/VW golf 2.0TFSI 200HP 1K0907115J 0261S02331 386464.zip	839186
ecu_files_volkswagen/VW golf 2.8 VR6 021906258CL 0261203559 358929.zip	34875
ecu_files_volkswagen/VW golf 2.8 VR6 022906032E 0261206619 354888.zip	270692
ecu_files_volkswagen/VW golf 2.8 VR6 AAA 021906258A 0261200496 357205.zip	27376
ecu_files_volkswagen/VW golf 2.8 vr6 021906258CK.zip	34771
ecu_files_volkswagen/VW golf 2.8V6 174HP 021906018R 0261206814 360624.zip	226163
ecu_files_volkswagen/VW golf 3 1.9TDI 90HP 028906021C 0281001171.zip	19563
ecu_files_volkswagen/VW golf 3 1.9TDI AFN 110HP 028906021GH 0281001652 358905.zip	101100
ecu_files_volkswagen/VW golf 3 2.8 VR6 174HP 021906258CH 0261203569 358928.zip	34918
ecu_files_volkswagen/VW golf 3 2.8V6 174HP 021906256 0261203969 559385.zip	83133
ecu_files_volkswagen/VW golf 3 VR6 2.8 174HP 0261203117 021906258AF 357529.zip	30030
ecu_files_volkswagen/VW golf 3.2 VR6 250HP 022906032EG 0261208344 373693.zip	396487
ecu_files_volkswagen/VW golf 4 1.6 036906034DR IAW 4MV.zip	191280
ecu_files_volkswagen/VW golf 4 1.6 06A906019AK 5WP4417 (1B6F).zip	125071
ecu_files_volkswagen/VW golf 4 1.6 06A906019BQ 5WP4441.02 (7045).zip	126603
ecu_files_volkswagen/VW golf 4 1.6 16v 036906034BH IAW 4MV.F.zip	181088
ecu_files_volkswagen/VW golf 4 1.6 5WP4448.03 (7001).zip	126643
ecu_files_volkswagen/VW golf 4 1.6 5WP4872.03 (2704).zip	123161
ecu_files_volkswagen/VW golf 4 1.9TDI 130HP 038906019FG 0281010702 362796.zip	218148
ecu_files_volkswagen/VW golf 4 1.9TDI AHF 110HP 038906012L 0281010112 352566.zip	153971
ecu_files_volkswagen/VW golf 4 1.9TDI AJM 115HP 0281010091 350875.zip	132335
ecu_files_volkswagen/VW golf 4 1.9TDI AJM 115HP 038906019CJ 0281010302 354461.zip	169863
ecu_files_volkswagen/VW golf 4 1.9TDI AWX 130HP 038906019JQ 0281011142 366047.zip	197474
ecu_files_volkswagen/VW golf 4 16 5WP4426.02 (6A4E).zip	127747
ecu_files_volkswagen/VW golf 4 VR6 R32 3.2 022906032EG 0261208344 1037373693.zip	396495
ecu_files_volkswagen/VW golf 5 1.9SDI 0281011617 03G906016M 370652.zip	291607
ecu_files_volkswagen/VW golf 5 1.9SDI 69HP 03G906016GJ 0281012221 372340.zip	292870
ecu_files_volkswagen/VW golf 5 1.9TDI 038906016H 0281011146 371297.zip	326035
ecu_files_volkswagen/VW golf 5 2,0 tdi 03G906016ET 0281011843 1037370224 383704.rar	656670
ecu_files_volkswagen/VW golf 5 2.0TDI 140HP 03G906016ET 0281011843 375890.zip	288203
ecu_files_volkswagen/VW golf 5 2.0TDI BKD 03G906016AP 0281011672 370516.zip	288657
ecu_files_volkswagen/VW golf 5 2.0TFSI 200HP 1K0907115 0261S02078 374094.zip	799130
ecu_files_volkswagen/VW golf 5 R32 022906032CD 0261208467 377452.zip	113875
ecu_files_volkswagen/VW golf III 1.9TDI 90HP 028906021HG 0281001730 357946.zip	88666
ecu_files_volkswagen/VW golf IV 1.9TDI AHF 110HP 038906018J 0281001613(1).zip	105432
ecu_files_volkswagen/VW golf IV 1.9TDI AHF 110HP 038906018J 0281001613.zip	105432
ecu_files_volkswagen/VW golf IV 1.9TDI AJM 115HP 038906019CJ 0281010302 352930.zip	169982
ecu_files_volkswagen/VW golf IV 1.9TDI ARL 150HP 038906019FE 0281010744 362706.zip	196403
ecu_files_volkswagen/VW golf IV 1.9TDI ASV 110HP 038906012AP 0281010126 352577.zip	137523
ecu_files_volkswagen/VW golf R32 032CP_(6463).rar	321552
ecu_files_volkswagen/VW golf V 2.0TDI BKD 140HP 03G906016AN.zip	524700
ecu_files_volkswagen/VW golf4 AHF 110hp 038906018BM 0281001846 356590.zip	111753
ecu_files_volkswagen/VW golf4 ALH 90HP 038906012M 0281001979 352564.zip	154101
ecu_files_volkswagen/VW golf4 ALH 90HP 038906018AN 0281001733.zip	92664
ecu_files_volkswagen/VW golf5 2.0TFSI 1K0907115K 0261S02332 380991.zip	838529
ecu_files_volkswagen/VW golf5 2.0TFSI DSG 1K0907115E 0261S02082 387576.zip	804161
ecu_files_volkswagen/VW golfIV_90PS.rar	125539
ecu_files_volkswagen/VW industrial engine 1.9TDI AFD 82HP 028906021CS 0281001664.zip	75316
ecu_files_volkswagen/VW industrial engine 1.9TDI AFD 82HP 028906021JQ 0281010266.zip	98602
ecu_files_volkswagen/VW jetta 1.9TDI 90HP 038906018EB 0281001855.zip	118339
ecu_files_volkswagen/VW jetta 1.9tdi 100hp 03G906016AC_0281012239_v376707_EDC16U34_DSG.bin.zip	50639
ecu_files_volkswagen/VW jetta 2.8 VR6 021906018M 0261206486 352765.zip	222126
ecu_files_volkswagen/VW lupo 1.2TDI 61HP 045906019Q_0281010258_352999.zip	99442
ecu_files_volkswagen/VW lupo 1.4TDI 75HP 045906019L_0281010049_352592.zip	183735
ecu_files_volkswagen/VW lupo 3L 1.2TDI 61HP 0281010015_045906019K_1211_354603.zip	188269
ecu_files_volkswagen/VW lupo 3L 1.2TDI 61HP 0281010505_045906019AA_1313_360520.zip	167700
ecu_files_volkswagen/VW lupo 3L 1.2TDI 61HP 0281010628_045906019AE_1537_363567.zip	176927
ecu_files_volkswagen/VW lupo 3L 1.2TDI 61HP_0281010628_045906019AE_1508_351992.zip	176940
ecu_files_volkswagen/VW pasat 2.5TDI 150HP 3B1907401F 0281010444 354375.zip	173943
ecu_files_volkswagen/VW passat 1.8T 150HP 4B0906018AG 0261206453 352151.zip	253332
ecu_files_volkswagen/VW passat 1.8T 163HP 8E0909018A 0261207928 366497.zip	349731
ecu_files_volkswagen/VW passat 1.8T 4B0906018CC 0261206871 354009.zip	315395
ecu_files_volkswagen/VW passat 1.8T ADR 8D0907558S_0261204956_356669.zip	81694
ecu_files_volkswagen/VW passat 1.8T ANB 150HP 4B0906018BF 0261206525 352710.zip	254526
ecu_files_volkswagen/VW passat 1.8T APU 150HP 4B0906018AT 0261206532 352111.zip	253377
ecu_files_volkswagen/VW passat 1.8T APU 150HP 4B0906018B_0261206050_350229.zip	238752
ecu_files_volkswagen/VW passat 1.8i APT 125HP 8D0906018F_0261204875_350087.zip	230134
ecu_files_volkswagen/VW passat 1.9TDI 115HP 038906019AJ 0281010303 352975.zip	188985
ecu_files_volkswagen/VW passat 1.9TDI 130 0281010705_038906019en_362701_1463_590.zip	218493
ecu_files_volkswagen/VW passat 1.9TDI 130HP 038906019EP 0281010701 362631.zip	218372
ecu_files_volkswagen/VW passat 1.9TDI 130HP 038906019EP 0281010701 362702.zip	218325
ecu_files_volkswagen/VW passat 1.9TDI 130HP 038906019EP_0281010701_362702.zip	218325
ecu_files_volkswagen/VW passat 1.9TDI 130HP 038906019EQ_0281010700_362632.zip	196676
ecu_files_volkswagen/VW passat 1.9TDI 130HP_038906019GS_0281010940_363212.zip	196444
ecu_files_volkswagen/VW passat 1.9TDI 1Z 90HP 0281001246 358703.zip	40718
ecu_files_volkswagen/VW passat 1.9TDI 1Z 90HP 028906021AT 0281001369 355101.zip	87697
ecu_files_volkswagen/VW passat 1.9TDI 1Z 90HP_0281001328_355574.zip	42299
ecu_files_volkswagen/VW passat 1.9TDI 90HP 038906018FG 0281010063 350164.zip	98178
ecu_files_volkswagen/VW passat 1.9TDI AFN 110HP 028906021CK 0281001423424 355222.zip	90730
ecu_files_volkswagen/VW passat 1.9TDI AFN 110HP 028906021GL 0281001656 357830.zip	112275
ecu_files_volkswagen/VW passat 1.9TDI AFN 110HP 028906021JD 0281001807 358390.zip	96821
ecu_files_volkswagen/VW passat 1.9TDI AFN 110HP 038906018FE 0281010064.zip	126668
ecu_files_volkswagen/VW passat 1.9TDI AFN 110HP 038906018GA 0281010170 354920.zip	125689
ecu_files_volkswagen/VW passat 1.9TDI AFN 110HP 038906018P 0281001720 356815.zip	113268
ecu_files_volkswagen/VW passat 1.9TDI AFN 110HP 038906018P 0281001720 358385.zip	113042
ecu_files_volkswagen/VW passat 1.9TDI AHH 90HP 038906018AS 0281001724 359461.zip	89091
ecu_files_volkswagen/VW passat 1.9TDI AHU 028906021EG 0281001558 355806.zip	87751
ecu_files_volkswagen/VW passat 1.9TDI AHU 90HP 028906021AK 0281001313 357872.zip	42207
ecu_files_volkswagen/VW passat 1.9TDI AHU 90HP 028906021GG 0281001650 357824.zip	110544
ecu_files_volkswagen/VW passat 1.9TDI AHU 90HP 028906021GK 0281001654 357832.zip	99912
ecu_files_volkswagen/VW passat 1.9TDI AHU 90HP 028906021GK 0281001654.zip	99897
ecu_files_volkswagen/VW passat 1.9TDI AHU 90HP 038906018FQ 0281001172 350924.zip	111245
ecu_files_volkswagen/VW passat 1.9TDI AJM 115HP 038906019A 0281001691 350100.zip	132336
ecu_files_volkswagen/VW passat 1.9TDI AJM 115HP 038906019AJ 0281010303 354614.zip	189352
ecu_files_volkswagen/VW passat 1.9TDI AJM 115HP 038906019BJ 0281010176 350953.zip	147462
ecu_files_volkswagen/VW passat 1.9TDI AJM 115HP 038906019BJ_0281010176_350953.zip	147462
ecu_files_volkswagen/VW passat 1.9TDI AJM 115HP 038906019BK 0281010305 352976.zip	188998
ecu_files_volkswagen/VW passat 1.9TDI AJM 115HP 038906019CD 0281010218 352904.zip	188572
ecu_files_volkswagen/VW passat 1.9TDI ATJ 115HP 038906019DM_0281010470_354455.zip	170657
ecu_files_volkswagen/VW passat 1.9TDI AVB 100HP 038906019EB 0281010553 360009.zip	190483
ecu_files_volkswagen/VW passat 1.9TDI AVB 100HP 038906019EK 0281010667 362051.zip	190734
ecu_files_volkswagen/VW passat 1.9TDI AVB 100HP 038906019GK 0281010943 362893.zip	199986
ecu_files_volkswagen/VW passat 1.9TDI AVB 100HP 038906019GL 0281010944 362894.zip	199999
ecu_files_volkswagen/VW passat 1.9TDI AVB 100HP_038906019EJ_0281010665_362053.zip	190703
ecu_files_volkswagen/VW passat 1.9TDI AVB 115HP 038906019EA 0281010554 360477.zip	190697
ecu_files_volkswagen/VW passat 1.9TDI AVF 130HP 038906019BN 0281010404 360707.zip	207227
ecu_files_volkswagen/VW passat 1.9TDI AVF 130HP 038906019DS 0281010543 360449.zip	207277
ecu_files_volkswagen/VW passat 1.9TDI AVF 130HP 038906019DS 0281010543 360705.zip	207278
ecu_files_volkswagen/VW passat 1.9TDI AVF 130HP 038906019EN 0281010705 362633.zip	218358
ecu_files_volkswagen/VW passat 1.9TDI AVF 130HP 038906019GQ 0281010941 363213.zip	218570
ecu_files_volkswagen/VW passat 1.9TDI AVF 130HP 038906019KD 0281011205 366501.zip	219881
ecu_files_volkswagen/VW passat 1.9TDI AWX 130HP 038906019EH 0281010558 360706.zip	186695
ecu_files_volkswagen/VW passat 1.9TDI AWX 130HP 038906019ER 0281010704 362704.zip	196650
ecu_files_volkswagen/VW passat 1.9TDI AWX 130HP 038906019GS 0281010940 366946.zip	196595
ecu_files_volkswagen/VW passat 1.9TDI AWX 130HP 038906019KE 0281011201 366297.zip	197437
ecu_files_volkswagen/VW passat 1.9TDI PD 130HP 038906019GS 0281010940 363212.zip	196444
ecu_files_volkswagen/VW passat 2.0TD 140HP 03G906018 9722.zip	521292
ecu_files_volkswagen/VW passat 2.0TDI 140HP 038906016K_0281011145_372127.zip	43071
ecu_files_volkswagen/VW passat 2.0TDI siemens-VDO PPD1.1 03G_906_018_BK.rar	90873
ecu_files_volkswagen/VW passat 2.3 V5 071906018AE 0261206620 352371.zip	109024
ecu_files_volkswagen/VW passat 2.5 AVB 150HP 3B1907401B 0281010447 360452.zip	173950
ecu_files_volkswagen/VW passat 2.5TDI 150HP 3B0907401H_0281010145_351026.zip	125106
ecu_files_volkswagen/VW passat 2.5TDI 150HP 3B1907401B 0281010447 360452.zip	173948
ecu_files_volkswagen/VW passat 2.5TDI 150HP 3B1907401B 0281010447 366617.zip	173991
ecu_files_volkswagen/VW passat 2.5TDI 150HP 3B1907401B_0281010447_366617.zip	173993
ecu_files_volkswagen/VW passat 2.5TDI 150HP_3B0907401J_0281010147_351030.zip	114483
ecu_files_volkswagen/VW passat 2.5TDI AFB 150HP 3B0907401 0281001938 359796.zip	121986
ecu_files_volkswagen/VW passat 2.5TDI AFB 150HP 3B0907401G 0281010146 027-028.zip	124092
ecu_files_volkswagen/VW passat 2.5TDI V6 150HP 3B0907401J 0281010147.zip	114562
ecu_files_volkswagen/VW passat b5 ahh_90hp_038906018EH_0281001960_359822.rar	98341
ecu_files_volkswagen/VW polo 1.4TDI 75HP 045906019BF_0281011241_368175.zip	199216
ecu_files_volkswagen/VW polo 1.4TDI AMF 75HP 045906019AB 0281010503 354620.zip	187142
ecu_files_volkswagen/VW polo 1.4TDI AMF 75HP 045906019AP_0281010865_363954.zip	198353
ecu_files_volkswagen/VW polo 1.9SDI 64HP 038906012AR_0281010109_350846.zip	149714
ecu_files_volkswagen/VW polo 1.9SDI 74HP 038906012HL 0281011319 367056.zip	185980
ecu_files_volkswagen/VW polo 1.9TDI AHU 90HP 028906021DL 0281001485 358809.zip	77569
ecu_files_volkswagen/VW polo 1.9TDI ALH 90HP 038906018ED 0281001915 356955.zip	99227
ecu_files_volkswagen/VW polo 1.9TDI ATD 100HP 038906019JK_0281011075_363985.rar	160203
ecu_files_volkswagen/VW polo 1.9TDI ATD 110HP 038906019JK 0281011075 363985.zip	201430
ecu_files_volkswagen/VW polo 1.9TDI AXR 100HP 038906019JM 0281011029 363220.zip	201773
ecu_files_volkswagen/VW polo 1.9TDI AXR 100HP 038906019NC_0281011819_371274.zip	202962
ecu_files_volkswagen/VW polo 1.9tdi 130hp 038906019NJ-0281011823-1037389851.rar	159482
ecu_files_volkswagen/VW sharan 1.9TDI 1Z 90HP 028906021ES 0281001531 357820.zip	87604
ecu_files_volkswagen/VW sharan 1.9TDI AFN 110HP 028906021CG 0281001529 358896.zip	90619
ecu_files_volkswagen/VW sharan 1.9TDI AJM 115HP 038906019FC 0281010751 362766.zip	213959
ecu_files_volkswagen/VW sharan 1.9TDI AJM 115HP 038906019FC 0281010751 363162.zip	214475
ecu_files_volkswagen/VW sharan 1.9TDI AJM 115HP 038906019FC 0281010751 363953.zip	214483
ecu_files_volkswagen/VW sharan 1.9TDI ANU 90HP 038906019AB 0281001865 354276.zip	151362
ecu_files_volkswagen/VW sharan 1.9TDI ANU 90HP 038906019LP 0281011196 367003.zip	176223
ecu_files_volkswagen/VW sharan 1.9TDI ARL 150HP 038906019NQ_0281012287_372714.zip	199898
ecu_files_volkswagen/VW sharan 1.9TDI ASZ 130HP 0281011199 69546.zip	198110
ecu_files_volkswagen/VW sharan 1.9TDI AUY 115HP 038906019LQ 0281011144 366943.zip	214512
ecu_files_volkswagen/VW sharan 2.8V6 174HP 021906256Q 0261203665 355640.zip	65934
ecu_files_volkswagen/VW sharan 370538-0261208686 06A906032QJ.zip	284568
ecu_files_volkswagen/VW touareg 022906032GC.zip	651460
ecu_files_volkswagen/VW touareg 2.5TDI 174HP 070997016E_387080.zip	299057
ecu_files_volkswagen/VW touareg 2.5TDI BAC 174HP 070906016BL 0281011859 371909.zip	296639
ecu_files_volkswagen/VW touareg 3.0TDI 070 906 016 BL - 0 281 011 859 1037371909.ZIP	536327
ecu_files_volkswagen/VW touareg 3.0TDI 8E0907401AB_7L0907401_0281011960_374592.zip	70221
ecu_files_volkswagen/VW touareg 5.0TDI 313HP 070906016D 0281010736 368400.zip	231437
ecu_files_volkswagen/VW touran 1.9TDI 105HP 0281011945 03G906016CD 371097.zip	292069
ecu_files_volkswagen/VW touran 1.9TDI 105HP_03G906016A_0281010731_367485.zip	484548
ecu_files_volkswagen/VW touran 1.9TDI 105HP_03G906021AN_383726.zip	57707
ecu_files_volkswagen/VW touran 1.9TDI AVQ 105HP 0281011761 37600.zip	292852
ecu_files_volkswagen/VW touran 2.0 pd 140hp 0281011844 03G906016DR 369819 orgi full bdm.rar	665896
ecu_files_volkswagen/VW touran 2.0TDI 140HP 03G906016EH 0281011786_375893.zip	291441
ecu_files_volkswagen/VW touran 2.0TDI BKD 140HP 03G906016BQ 0281011906 371266 SW6254.zip	291800
ecu_files_volkswagen/VW transporter 1.9TDI 85HP 038906016 0281010734 368205.zip	256336
ecu_files_volkswagen/VW transporter 2.5TDI 102HP 074906018AL 0281010459 362443.zip	206705
ecu_files_volkswagen/VW transporter 2.5TDI 102HP 074906018AL_0281010459_362443.zip	206705
ecu_files_volkswagen/VW transporter 2.5TDI 102HP 074906018BG 0281010631 362439.zip	165550
ecu_files_volkswagen/VW transporter 2.5TDI 102HP 074906018BG_0281010631_362439.zip	165550
ecu_files_volkswagen/VW transporter 2.5TDI 102HP 074906021A 0281001306 865.zip	115366
ecu_files_volkswagen/VW transporter 2.5TDI 102HP 074906021A_0281001306_865.zip	115366
ecu_files_volkswagen/VW transporter 2.5TDI 130HP 070906016A 0281010733 368186.zip	248166
ecu_files_volkswagen/VW transporter 2.5TDI 130HP 070906016A_0281010733_368186.zip	248166
ecu_files_volkswagen/VW transporter 2.5TDI 150HP 074906021M 0281001764 867_868.zip	91633
ecu_files_volkswagen/VW transporter 2.5TDI 174HP 0281011271 372941.zip	257759
ecu_files_volkswagen/VW transporter 2.5TDI 174HP 070906016A 0281010733 368204.zip	483633
ecu_files_volkswagen/VW transporter 2.5TDI 174HP 070906016A 0281010733 368413.zip	248751
ecu_files_volkswagen/VW transporter 2.5TDI 174HP 070906016BF 0281011837 372367.zip	288436
ecu_files_volkswagen/VW transporter 2.5TDI AHY 150HP 074906018AN 0281010490 354499.zip	154022
ecu_files_volkswagen/VW transporter 2.5TDI AJT 87HP 074906018 0281010462 362446.zip	164724
ecu_files_volkswagen/VW transporter 2.5TDI AXD 132HP 070906016AJ 0281011568 372363.zip	300013
ecu_files_volkswagen/VW transporter 2.5TDI AXE 174HP 070906016A 0281010733 370230.zip	249323
ecu_files_volkswagen/VW transporter 2.5TDI AXE 174HP 070906016BH 0281011838 372943.zip	538218
ecu_files_volkswagen/VW transporter 2.8i AES 021906256H 0261203971 355227.zip	82133
ecu_files_volkswagen/VW vento 1.8 0261204022 355640.zip	3494
ecu_files_volkswagen/VWPassat 28 VR6_261203210.211_021906258CG_358111.rar	30318
ecu_files_volkswagen/VW_1.8T_4B0906018DP_0261208291.rar	321992
ecu_files_volkswagen/VW_Audi_115_Cv[1]._0281010176_1037350953.ori.zip	122278
ecu_files_volkswagen/VW_Bora_D1900_R4V2T_96kW_0281010702_038906019FG_1470_1037362796_crcBE32A56A.zip	218194
ecu_files_volkswagen/VW_CARAVELLE_T4_2.5L_AET_023906025C_5WP4400.zip	34399
ecu_files_volkswagen/VW_Caddy2_1.9TDI_BJB_105HP_03G906016DM_0281011882_371251.zip	295926
ecu_files_volkswagen/VW_Caddy_1.9TDI_105HP_03G906021PD_389297.zip	75824
ecu_files_volkswagen/VW_Caddy_1.9TDI_PD_105HP_03G906021HS_381007.zip	54373
ecu_files_volkswagen/VW_Corrado_1.8l_G60_037906022DM_0261200342.rar	9194
ecu_files_volkswagen/VW_Corrado_AAA_VR6_174HP_021906258DJ_0261203045_v358341_OEM.zip	30152
ecu_files_volkswagen/VW_Crafter_2.5TDI_BDM_074906032AT_0281014133_1037503936.rar	369052
ecu_files_volkswagen/VW_EOS_TDI_0281013169_1037377150_9394_03G906021CE_EDC16U34_ORIG.rar	545271
ecu_files_volkswagen/VW_GOLF3_20 16V_ABF_150HP_037906024G_5WP4307_2031_org.rar	20918
ecu_files_volkswagen/VW_GOLF3_VR6_DIS_0261203569_358928_021906258CH.rar	35049
ecu_files_volkswagen/VW_GOLF4_130PS_TDI_702_2796.zip	218345
ecu_files_volkswagen/VW_GOLF_V_90HP_03G906021AN_03G906021PL_387836.rar	55610
ecu_files_volkswagen/VW_Golf 6_2.0TDI_110hp_0281015420_03L906022LF_398784.rar	94315
ecu_files_volkswagen/VW_Golf3_D1900_R4V2_47kW_0281001408_028906021CQ_D7X_2537355973_974.zip	73810
ecu_files_volkswagen/VW_Golf4_(Original)_-_0261206239_352428.rar	220062
ecu_files_volkswagen/VW_Golf4_1.4L_036906032AM_0261208754.rar	307266
ecu_files_volkswagen/VW_Golf4_D1900_R4V2T_74kW_0281010497_038906019DF_1237_1037360018_crc896A38D2.zip	212771
ecu_files_volkswagen/VW_Golf5_1.9TDI_105HP_0281012220_03G906016R_374183.zip	293957
ecu_files_volkswagen/VW_Golf_2.0TFSI_HW 0261S02082_SW 387576.rar	666372
ecu_files_volkswagen/VW_Golf_2.3_V5_AGZ_150hp_071906018_0261204753_359144.zip	104895
ecu_files_volkswagen/VW_Golf_GT_1,4TSI_170PS_0261201770_03C906032C_500422_.zip	60576
ecu_files_volkswagen/VW_Golf_VI_2_0l_TDI_CR_81kw_Bosch_EDC_17CP14_CAN_397892.rar	92637
ecu_files_volkswagen/VW_Jetta4_1.8T_180_PS_0261207446_06A906032HS_0008_363354.rar	277139
ecu_files_volkswagen/VW_Jetta_105hp_1.9tdi_03G906016JK_0281012614_375199.rar	257944
ecu_files_volkswagen/VW_Jetta_2.5L_BGQ_150hp_07K906032Q_0261201127_1037383585.rar	130068
ecu_files_volkswagen/VW_LT_2.5_TDI_0281001373_079906021AP.rar	97561
ecu_files_volkswagen/VW_LT_35_2.5TDI_0281001889_074906021AP_LT.zip	101306
ecu_files_volkswagen/VW_Marine_TDI_225-6_3_0l_TDI_Bosch_EDC_16CP34_org.rar	396875
ecu_files_volkswagen/VW_NEW_BEETLE_1.9TDI_100HP_0281011539_038906019KR_368191.zip	202563
ecu_files_volkswagen/VW_POLO_1.6L_ARC_6K0906025E_5WP4855.zip	33711
ecu_files_volkswagen/VW_PassatCC_18TFSI_160ps.rar	57693
ecu_files_volkswagen/VW_Passat_(3C)_2_0l_TDI_CR_103kw_Bosch_EDC_17CP14_CAN_397866.rar	91814
ecu_files_volkswagen/VW_Passat_0281001412_-_028906021DD.rar	40852
ecu_files_volkswagen/VW_Passat_1.9TDI_105HP_3G906021LR_380420.zip	51384
ecu_files_volkswagen/VW_Passat_1.9TDI_90HP_028100171_038906018FS_241_242.rar	93341
ecu_files_volkswagen/VW_Passat_1.9TDI_90HP_028100171_038906018FS_921_922.rar	92248
ecu_files_volkswagen/VW_Passat_2.0TDI_140HP_03G906018CD_9627.zip	39282
ecu_files_volkswagen/VW_Passat_2.0TDI_140HP_03G906021NK_1037394904.zip	75769
ecu_files_volkswagen/VW_Passat_2.0TDI_170HP_3L906022BM_396091 EDC17.zip	92956
ecu_files_volkswagen/VW_Passat_2.0TDI_170HP_PPD_03G906018ER.zip	63199
ecu_files_volkswagen/VW_Passat_2.0TDI_BKP_140.0PS_03G906018CD__SN000F7600000.zip	39646
ecu_files_volkswagen/VW_Passat_2.3_V5_0261206508_071906018AC_352012.zip	108681
ecu_files_volkswagen/VW_Passat_CC_(35)_2_0l_TDI_CR_103kw_Bosch_EDC_17CP14_CAN_396433.rar	90209
ecu_files_volkswagen/VW_Passat_CC_(35)_2_0l_TDI_CR_103kw_Bosch_EDC_17CP14_CAN_397843.rar	92079
ecu_files_volkswagen/VW_Passat_D2500_V6V4T_132kW_0281011387_8E0907401J_0004_1037367775_crc81E4BFE5.zip	448046
ecu_files_volkswagen/VW_Polo_1.7_SDI_44kW_038906013K_0281001749.zip	94502
ecu_files_volkswagen/VW_Rabbit_2.5L_CBTA_170hp_07K906055Q_0261S04046_1037396880.rar	49125
ecu_files_volkswagen/VW_Scirocco_1_4l_FSI_Bosch_MED_17_5_5_CAN_160PS_397677.rar	60617
ecu_files_volkswagen/VW_Scirocco_2009_2.0_TDI_CR_DPF__EDC17CP14_03L906022G_78_03L906022R_3887H_R4_2.0_BPG_81010_03_09113H01_13341149.rar	93550
ecu_files_volkswagen/VW_Sharan_AWC_1.8T_150PS__06A906032GT_0261207354_1037366931_ORI.rar	249068
ecu_files_volkswagen/VW_T4_2.5TDI_AJT_88.0PS_074906018AK_0281010462_362446.zip	164520
ecu_files_volkswagen/VW_T5_2.5TDI_130HP_070906016BA_0281011664_1037372365.zip	288793
ecu_files_volkswagen/VW_T5_2.5TDI_130HP_070997016C_0281012931_1037378311.zip	296933
ecu_files_volkswagen/VW_T5_2.5TDI_174HP__070906016EB_0281014892_1037394113.zip	423811
ecu_files_volkswagen/VW_T5_2.5TDI_BNZ_130.0PS_070906016EC__394114.zip	87413
ecu_files_volkswagen/VW_Touareg_3.0TDI_165KW_0281013686_7L0907401D_386372.zip	474189
ecu_files_volkswagen/VW_Touareg_30tdi_7L0907401D_505495.rar	93201
ecu_files_volkswagen/VW_Touareg_3_0l_TDI_CR_176kw_Bosch_EDC_17CB02_500172.rar	90988
ecu_files_volkswagen/VW_Touareg_3_0l_TDI_CR_V6_176kw_Bosch_EDC_17CB02.rar	90138
ecu_files_volkswagen/VW_Touareg_3_0l_TDI_V6_0281013686_7L0907401D_0030_386372.zip	107772
ecu_files_volkswagen/VW_Touareg_R50_5.0TDI_350HP_070906016DP_1037390613.rar	293506
ecu_files_volkswagen/VW_Touran_1.9TDI_105HP_0281012361_03G906016HP_374119.zip	294419
ecu_files_volkswagen/VW_Touran_1.9TDI_105HP_03G906021HK_394990.zip	114517
ecu_files_volkswagen/VW_Touran_1.9TDI_105HP_03G906021ND_396444.zip	555870
ecu_files_volkswagen/VW_Touran_2.0SDI_0281012272_03G906016HN_376308.zip	294928
ecu_files_volkswagen/VW_Touran_2.0TDI_140HP_0281011907_03G906016FK_371267.zip	292527
ecu_files_volkswagen/VW_Transporter_074906018BL_0281012135.ori.rar	151410
ecu_files_volkswagen/VW_Transporter_T5_1.9TDI_105HP_038906016AJ_390638.zip	60620
ecu_files_volkswagen/VW_Transporter_T5_1.9TDI_74KW_0281012761_038906016T_384631.zip	59811
ecu_files_volkswagen/VW_Tuareg_3.0L_BKS_7L0907401F__0281013686.rar	787179
ecu_files_volkswagen/VW_Tuareg_3.0L_BKS_7L0907401F__0281013692.rar	786584
ecu_files_volkswagen/VW_Vento_1.9TDI_1Z_90HP_028906021AH_0281001323-324_7357888.zip	42086
ecu_files_volkswagen/VW_caddy_2.0SDI_75HP_0281011541_03G906016N_369948.zip	287903
ecu_files_volkswagen/VW_crafter_2.5TDI_074906032AG_1037383306.zip	455681
ecu_files_volkswagen/VW_crafter_2.5TDI_074906032E__0281012543_381010.zip	445824
ecu_files_volkswagen/VW_crafter_2.5TDI__0281014133_074906032AT_10373386337.zip	455963
ecu_files_volkswagen/VW_eos__2.0TDI_140HP_DPF_03G906021AB_383799.zip	69277
ecu_files_volkswagen/VW_golf4_AHF_110hp_038906018BM_0281001846_356590.zip	111753
ecu_files_volkswagen/VW_golf_1.8T_150HP_06A906032AR_0261206436_1037352758.zip	251630
ecu_files_volkswagen/VW_golf_1.8T_150HP_06A906032AR_0261206436_352758.zip	251622
ecu_files_volkswagen/VW_golf_1.8T_AWV_150HP_06A906032SK_0261208528_371152.zip	335099
ecu_files_volkswagen/VW_golf_1.8T__06A906032LQ_0261207956_367519.zip	335509
ecu_files_volkswagen/VW_golf_1.9TDI_105HP_0281011901_371099.zip	532699
ecu_files_volkswagen/VW_golf_1.9TDI_105HP_03G906016B_0281011478_375902.zip	292915
ecu_files_volkswagen/VW_golf_1.9TDI_105HP_03G906021AB_391847.zip	81043
ecu_files_volkswagen/VW_golf_1.9TDI_105HP_03G906021AN_382414.zip	538610
ecu_files_volkswagen/VW_golf_1.9TDI_105HP_03G906021AN_389140.zip	568824
ecu_files_volkswagen/VW_golf_1.9TDI_105HP_03G906021KH_0281013226_380437.zip	535736
ecu_files_volkswagen/VW_golf_1.9TDI_105HP_03G906021KH_0281013226_380437_full_bdm.zip	1225475
ecu_files_volkswagen/VW_golf_1.9TDI_105HP_03G906021KH_380437.zip	64716
ecu_files_volkswagen/VW_golf_1.9TDI_AHF_110_HP_038906018GP_0281010246_350618.zip	126114
ecu_files_volkswagen/VW_golf_1.9TDI_ALH_90HP_038906012CP_0281010385_354327.zip	170567
ecu_files_volkswagen/VW_golf_1.9TDI_ARL_150HP_038906019HH_0281010976_363171.zip	196557
ecu_files_volkswagen/VW_golf_1.9TDI_ARL_150HP_038906019HH_0281010976_366661.zip	196602
ecu_files_volkswagen/VW_golf_1.9TDI_AXR_100HP_038906019KP_0281011191_366912.zip	176904
ecu_files_volkswagen/VW_golf_1.9TDI_BKC_105HP_03G906016B_0281011478_369564.zip	287080
ecu_files_volkswagen/VW_golf_1.9_110HP_028906021JG_0281001860_356933.zip	101152
ecu_files_volkswagen/VW_golf_2.0TDI_140HP_03G906016AN_0281011477_368925.zip	285473
ecu_files_volkswagen/VW_golf_2.0TDI_140HP_03G906016HJ_0281012253_372673.zip	297222
ecu_files_volkswagen/VW_golf_2.0TDI_140HP_03G906021PP_1037389263_1264.zip	84496
ecu_files_volkswagen/VW_golf_2.0TDI_140HP_03G906021PR_1037387083.zip	74920
ecu_files_volkswagen/VW_golf_2.0TDI_BKD_140HP_03G906021KK_0281013228_1037381019.zip	538531
ecu_files_volkswagen/VW_golf_2.0TFSI_200HP_1K0907115_0261S02078__377862.zip	803972
ecu_files_volkswagen/VW_golf_2.0_TFSI_200HP_1K0907115F_0261S02217_377837.zip	821046
ecu_files_volkswagen/VW_golf_IV_1.9TDI_AHF_110HP_038906018J_0281001613.zip	105432
ecu_files_volkswagen/VW_golf_V_2.0TDI_140HP_DPF_03G906021JG_394134.zip	569596
ecu_files_volkswagen/VW_jetta_1.8T_AWD_150HP_06A906032CL_0261206552_1037354128.zip	248286
ecu_files_volkswagen/VW_jetta_1.9TDI_BEW_100HP_038906016Q_0281011812_1037371296.zip	49368
ecu_files_volkswagen/VW_jetta_2.0TDI_CBEA_03L906022KS_397837.zip	131809
ecu_files_volkswagen/VW_lupo_1.2TDI_61HP_045906019Q_0281010258_1037352679.zip	99350
ecu_files_volkswagen/VW_passat_1.9TDI_100HP_038906019BM_0281010307_1037360022.zip	190405
ecu_files_volkswagen/VW_passat_1.9TDI_100HP_038906019BM_0281010307_1037360476.zip	190668
ecu_files_volkswagen/VW_passat_1.9TDI_BKC_105HP_03G906021DP_0281012724_1037377575.zip	523404
ecu_files_volkswagen/VW_touareg_2.5TDI_174HP_0281011258_070906016F_387080.zip	299897
ecu_files_volkswagen/VW_touran_2.0TDI_170HP_PPD_03G906018EH_0498.zip	61462
ecu_files_volkswagen/VW_touran_2.0TDI_BKD_140HP_03G906016BQ_0281011906_391561.zip	298778
ecu_files_volkswagen/VW_transporter_2.5TDI_130HP_070997016M_1037394151.zip	87224
ecu_files_volkswagen/VW_transporter_2.5TDI_AXE_174HP_070906016BH_0281011838_372943.zip	538218
ecu_files_volkswagen/Volkswagen T5 2.5TDI 130HP 070906016 0281010732 368185.zip	69486
ecu_files_volkswagen/Vw Eos 2.0TDI 140cv 03G906021AB - 1037382429.rar	56696
ecu_files_volkswagen/Vw Golf 3 90PS 0 261 203 593-594 original.zip	13654
ecu_files_volkswagen/Vw Golf 4 2.3 Me7.1 0261207378-363047.rar	273043
ecu_files_volkswagen/Vw Golf IV 1.8lts turbo Bosch ME7.5 0261207957 - 363601 - 06A906032LT.rar	277708
ecu_files_volkswagen/Vw Passat 1.8L 8D0906018C 0261206034.rar	273440
ecu_files_volkswagen/Vw Passat 1.8L 8D0906018R 0261206317.rar	261733
ecu_files_volkswagen/Vw Passat 2.3L 071906018AC 0261206508.rar	143548
ecu_files_volkswagen/Vw Touareg V6 3.2L 4 Motion Aut 2004 022906032FT-0261208619-1037371624.zip	427435
ecu_files_volkswagen/Vw passat 1.9TDI 105HP 03G906021AN_03G906021LR 382088.zip	522819
ecu_files_volkswagen/Vw sharan 2.8LV6 174HP 021906256Q 0261203665 355640.zip	50479
ecu_files_volkswagen/Vw touareg V6 3.2L 4Motion 022906032BF 0261207566 1037368623.zip	411675
ecu_files_volkswagen/Vw_Caddy_19Tdi__105HP_03G906021_0281012469.zip	526114
ecu_files_volkswagen/WV_Passat_B6_1.9_TDI_PD_03G906021NG_394906.zip	555022
ecu_files_volkswagen/vw crafter 2007 , 2.5 tdi ,FAP, 074 906 032 BA,0 281 014 132.zip	458495
ecu_files_volkswagen/vw passat 0281010173-245 .rar	91041
ecu_files_volkswagen/vw passat 1.9TDI DPF 03G906021AB 1037391588 03G906021RQ.rar	55916
ecu_files_volkswagen/vw passat 2.0tdi bkp dsg 03g906018a siemens ppd1.1.rar	432728
ecu_files_volkswagen/vw_passat_2.5TDI_150HP_3B0907401J_0281010147_351030.zip	114483
